CREATE TABLE public.categories (
    category_id integer NOT NULL,
    name character varying(50) NOT NULL
);


CREATE SEQUENCE public.categories_id_seq
    AS integer
    START WITH 1
    INCREMENT BY 1
    NO MINVALUE
    NO MAXVALUE
    CACHE 1;

ALTER SEQUENCE public.categories_id_seq OWNED BY public.categories.category_id;

CREATE TABLE public.companies (
    company_id integer NOT NULL,
    name character varying NOT NULL,
    year_founded integer NOT NULL
);

CREATE SEQUENCE public.companies_id_seq
    AS integer
    START WITH 1
    INCREMENT BY 1
    NO MINVALUE
    NO MAXVALUE
    CACHE 1;

ALTER SEQUENCE public.companies_id_seq OWNED BY public.companies.company_id;

CREATE TABLE public.country (
    id integer NOT NULL,
    iso character(2) NOT NULL,
    name character varying(80) NOT NULL,
    nicename character varying(80) NOT NULL,
    iso3 character(3) DEFAULT NULL::bpchar
);

CREATE TABLE public.customers (
    customer_id integer NOT NULL,
    first_name character varying(30) NOT NULL,
    last_name character varying(30) NOT NULL,
    username character varying(30) NOT NULL,
    supersecretword character varying(200) NOT NULL,
    salt character varying(14) NOT NULL,
    email character varying(50) NOT NULL
);

CREATE SEQUENCE public.customers_id_seq
    AS integer
    START WITH 1
    INCREMENT BY 1
    NO MINVALUE
    NO MAXVALUE
    CACHE 1;

ALTER SEQUENCE public.customers_id_seq OWNED BY public.customers.customer_id;

CREATE TABLE public.orders (
    order_id uuid NOT NULL,
    customer_id integer NOT NULL,
    date_ordered timestamp without time zone NOT NULL,
    date_delivered date
);

CREATE SEQUENCE public.orders_id_seq
    AS integer
    START WITH 1
    INCREMENT BY 1
    NO MINVALUE
    NO MAXVALUE
    CACHE 1;

ALTER SEQUENCE public.orders_id_seq OWNED BY public.orders.order_id;

CREATE TABLE public.orders_products (
    order_id uuid NOT NULL,
    product_id integer NOT NULL,
    quantity integer
);

CREATE TABLE public.products (
    product_id integer NOT NULL,
    name character varying(100) NOT NULL,
    stock_amount integer NOT NULL,
    company_id integer NOT NULL,
    description character varying(500) NOT NULL,
    price numeric NOT NULL,
    category integer NOT NULL,
    score integer NOT NULL,
    ratings integer NOT NULL,
    creator text NOT NULL,
    year integer NOT NULL
);

CREATE SEQUENCE public.products_id_seq
    AS integer
    START WITH 1
    INCREMENT BY 1
    NO MINVALUE
    NO MAXVALUE
    CACHE 1;

ALTER SEQUENCE public.products_id_seq OWNED BY public.products.product_id;

CREATE TABLE public.session (
    sid character varying NOT NULL,
    sess json NOT NULL,
    expire timestamp(6) without time zone NOT NULL
);

ALTER TABLE ONLY public.categories ALTER COLUMN category_id SET DEFAULT nextval('public.categories_id_seq'::regclass);

ALTER TABLE ONLY public.companies ALTER COLUMN company_id SET DEFAULT nextval('public.companies_id_seq'::regclass);

ALTER TABLE ONLY public.customers ALTER COLUMN customer_id SET DEFAULT nextval('public.customers_id_seq'::regclass);

ALTER TABLE ONLY public.products ALTER COLUMN product_id SET DEFAULT nextval('public.products_id_seq'::regclass);

COPY public.categories (category_id, name) FROM stdin;
1	Books
2	Films, TV, Music & Games
3	Electronics & Computers
4	Home, Garden, Pets & DIY
5	Toys, Children & Baby
6	Clothes, Shoes, Jewellery and Accessories
7	Sports & Outdoors
8	Health & Beauty
\.

COPY public.companies (company_id, name, year_founded) FROM stdin;
1	Goyette LLC	1904
2	Becker Group	1939
3	Cummerata, Crooks and Satterfield	2020
4	Simonis Inc	1924
5	Ondricka and Sons	1923
6	Casper, Lesch and Hagenes	1917
7	Anderson, MacGyver and Gorczany	1935
8	Pagac Group	1845
9	Rohan Group	1889
10	Emmerich, Gusikowski and Gottlieb	1900
11	Feeney LLC	1873
12	Yost Inc	1958
13	Anderson, Hammes and Gleichner	1834
14	Block Group	2001
15	Lowe - Cole	1933
16	Reilly - Cummings	1920
17	Kuphal - Blick	2018
18	Schimmel, Satterfield and Stoltenberg	2007
19	Fisher, Price and Rohan	1913
20	Wilderman - Gorczany	2009
21	Brown Inc	1883
22	Rohan and Sons	1942
23	Vandervort - Hahn	1949
24	Ruecker, Fadel and Haag	1812
25	Bode - Graham	1877
26	Hammes LLC	1922
27	Torp - Ratke	1906
28	Hilpert - Johnson	1851
29	Dicki Group	1912
30	Schoen - Dietrich	1982
31	Dickens Inc	2004
32	Rau Group	1877
33	Anderson, Buckridge and Hoeger	1901
34	Klocko - Krajcik	1884
35	Crona, Murazik and Bailey	1990
36	Carroll - Hills	1996
37	Hoppe - Bernhard	1838
38	Douglas, Nikolaus and Cronin	1928
39	Macejkovic, Nolan and Wisozk	1959
40	Dooley, Treutel and Jacobi	1978
41	Marvin - Aufderhar	1826
42	Sawayn LLC	2000
43	Bruen, Dietrich and Russel	1886
44	Jenkins - Stiedemann	1962
45	Deckow, Runte and Daniel	1980
46	Nicolas - Wunsch	1891
47	Kunde - Donnelly	1923
48	Kerluke, Wisozk and Jast	2000
49	Bartoletti - Wolf	1833
50	McKenzie, McGlynn and Gottlieb	1948
51	Hills, Jacobi and Dibbert	1849
52	Pouros Group	1842
53	Schuster Inc	1994
54	Veum LLC	1899
55	Schneider - Hessel	1916
56	Marks LLC	1941
57	Steuber - Hammes	1998
58	Moore LLC	1916
59	Quigley, Rath and Abshire	1899
60	Jenkins, Rowe and Wilderman	1897
61	Emard Group	1805
62	Boehm - Barton	1929
63	Green - Botsford	1934
64	Jenkins - Herman	1840
65	Hackett and Sons	1875
66	Welch, Gislason and Cruickshank	1859
67	Pfeffer - Rau	1980
68	Will - Douglas	1844
69	Bechtelar - Armstrong	1857
70	Bauch - Wisozk	1837
71	Mills - Ziemann	1809
72	Luettgen Inc	1994
73	Abernathy - Kuphal	1974
74	Schaden, Quitzon and Smitham	1913
75	Hodkiewicz and Sons	1864
76	Roberts - Dare	1830
77	Heaney - Kunde	1843
78	Schumm, Graham and Kovacek	1940
79	Rosenbaum Inc	1862
80	Ortiz, Quigley and Ortiz	1905
81	Moen, Jacobi and Kemmer	1852
82	Ritchie LLC	1946
83	Huels - Collier	1963
84	Glover - Ondricka	1848
85	Kautzer Inc	1945
86	Dooley LLC	1822
87	Howell, Fisher and Runolfsdottir	1911
88	Swift - Hettinger	1991
89	Reynolds - Wiza	1828
90	Hirthe - Brekke	2018
91	Quigley Group	1901
92	Schinner Group	1852
93	Huel Inc	1968
94	Effertz, Torp and O'Hara	2008
95	Hickle and Sons	1964
96	Corkery Inc	1835
97	Friesen - Walker	1932
98	Douglas, McCullough and Mraz	1832
99	Rowe - Roob	1940
100	Stehr Inc	1838
\.

COPY public.country (id, iso, name, nicename, iso3) FROM stdin;
1	AF	AFGHANISTAN	Afghanistan	AFG
2	AL	ALBANIA	Albania	ALB
3	DZ	ALGERIA	Algeria	DZA
4	AS	AMERICAN SAMOA	American Samoa	ASM
5	AD	ANDORRA	Andorra	AND
6	AO	ANGOLA	Angola	AGO
7	AI	ANGUILLA	Anguilla	AIA
8	AQ	ANTARCTICA	Antarctica	ATA
9	AG	ANTIGUA AND BARBUDA	Antigua and Barbuda	ATG
10	AR	ARGENTINA	Argentina	ARG
11	AM	ARMENIA	Armenia	ARM
12	AW	ARUBA	Aruba	ABW
13	AU	AUSTRALIA	Australia	AUS
14	AT	AUSTRIA	Austria	AUT
15	AZ	AZERBAIJAN	Azerbaijan	AZE
16	BS	BAHAMAS	Bahamas	BHS
17	BH	BAHRAIN	Bahrain	BHR
18	BD	BANGLADESH	Bangladesh	BGD
19	BB	BARBADOS	Barbados	BRB
20	BY	BELARUS	Belarus	BLR
21	BE	BELGIUM	Belgium	BEL
22	BZ	BELIZE	Belize	BLZ
23	BJ	BENIN	Benin	BEN
24	BM	BERMUDA	Bermuda	BMU
25	BT	BHUTAN	Bhutan	BTN
26	BO	BOLIVIA	Bolivia	BOL
27	BA	BOSNIA AND HERZEGOVINA	Bosnia and Herzegovina	BIH
28	BW	BOTSWANA	Botswana	BWA
29	BV	BOUVET ISLAND	Bouvet Island	BVT
30	BR	BRAZIL	Brazil	BRA
31	IO	BRITISH INDIAN OCEAN TERRITORY	British Indian Ocean Territory	IOT
32	BN	BRUNEI DARUSSALAM	Brunei Darussalam	BRN
33	BG	BULGARIA	Bulgaria	BGR
34	BF	BURKINA FASO	Burkina Faso	BFA
35	BI	BURUNDI	Burundi	BDI
36	KH	CAMBODIA	Cambodia	KHM
37	CM	CAMEROON	Cameroon	CMR
38	CA	CANADA	Canada	CAN
39	CV	CAPE VERDE	Cape Verde	CPV
40	KY	CAYMAN ISLANDS	Cayman Islands	CYM
41	CF	CENTRAL AFRICAN REPUBLIC	Central African Republic	CAF
42	TD	CHAD	Chad	TCD
43	CL	CHILE	Chile	CHL
44	CN	CHINA	China	CHN
45	CX	CHRISTMAS ISLAND	Christmas Island	CXR
46	CC	COCOS (KEELING) ISLANDS	Cocos (Keeling) Islands	\N
47	CO	COLOMBIA	Colombia	COL
48	KM	COMOROS	Comoros	COM
49	CG	CONGO	Congo	COG
50	CD	CONGO, THE DEMOCRATIC REPUBLIC OF THE	Congo, the Democratic Republic of the	COD
51	CK	COOK ISLANDS	Cook Islands	COK
52	CR	COSTA RICA	Costa Rica	CRI
53	CI	COTE D'IVOIRE	Cote D'Ivoire	CIV
54	HR	CROATIA	Croatia	HRV
55	CU	CUBA	Cuba	CUB
56	CY	CYPRUS	Cyprus	CYP
57	CZ	CZECHIA	Czech Republic	CZE
58	DK	DENMARK	Denmark	DNK
59	DJ	DJIBOUTI	Djibouti	DJI
60	DM	DOMINICA	Dominica	DMA
61	DO	DOMINICAN REPUBLIC	Dominican Republic	DOM
62	EC	ECUADOR	Ecuador	ECU
63	EG	EGYPT	Egypt	EGY
64	SV	EL SALVADOR	El Salvador	SLV
65	GQ	EQUATORIAL GUINEA	Equatorial Guinea	GNQ
66	ER	ERITREA	Eritrea	ERI
67	EE	ESTONIA	Estonia	EST
68	ET	ETHIOPIA	Ethiopia	ETH
69	FK	FALKLAND ISLANDS (MALVINAS)	Falkland Islands (Malvinas)	FLK
70	FO	FAROE ISLANDS	Faroe Islands	FRO
71	FJ	FIJI	Fiji	FJI
72	FI	FINLAND	Finland	FIN
73	FR	FRANCE	France	FRA
74	GF	FRENCH GUIANA	French Guiana	GUF
75	PF	FRENCH POLYNESIA	French Polynesia	PYF
76	TF	FRENCH SOUTHERN TERRITORIES	French Southern Territories	ATF
77	GA	GABON	Gabon	GAB
78	GM	GAMBIA	Gambia	GMB
79	GE	GEORGIA	Georgia	GEO
80	DE	GERMANY	Germany	DEU
81	GH	GHANA	Ghana	GHA
82	GI	GIBRALTAR	Gibraltar	GIB
83	GR	GREECE	Greece	GRC
84	GL	GREENLAND	Greenland	GRL
85	GD	GRENADA	Grenada	GRD
86	GP	GUADELOUPE	Guadeloupe	GLP
87	GU	GUAM	Guam	GUM
88	GT	GUATEMALA	Guatemala	GTM
89	GN	GUINEA	Guinea	GIN
90	GW	GUINEA-BISSAU	Guinea-Bissau	GNB
91	GY	GUYANA	Guyana	GUY
92	HT	HAITI	Haiti	HTI
93	HM	HEARD ISLAND AND MCDONALD ISLANDS	Heard Island and Mcdonald Islands	HMD
94	VA	HOLY SEE (VATICAN CITY STATE)	Holy See (Vatican City State)	VAT
95	HN	HONDURAS	Honduras	HND
96	HK	HONG KONG	Hong Kong	HKG
97	HU	HUNGARY	Hungary	HUN
98	IS	ICELAND	Iceland	ISL
99	IN	INDIA	India	IND
100	ID	INDONESIA	Indonesia	IDN
101	IR	IRAN, ISLAMIC REPUBLIC OF	Iran, Islamic Republic of	IRN
102	IQ	IRAQ	Iraq	IRQ
103	IE	IRELAND	Ireland	IRL
104	IL	ISRAEL	Israel	ISR
105	IT	ITALY	Italy	ITA
106	JM	JAMAICA	Jamaica	JAM
107	JP	JAPAN	Japan	JPN
108	JO	JORDAN	Jordan	JOR
109	KZ	KAZAKHSTAN	Kazakhstan	KAZ
110	KE	KENYA	Kenya	KEN
111	KI	KIRIBATI	Kiribati	KIR
112	KP	KOREA, DEMOCRATIC PEOPLE'S REPUBLIC OF	Korea, Democratic People's Republic of	PRK
113	KR	KOREA, REPUBLIC OF	Korea, Republic of	KOR
114	KW	KUWAIT	Kuwait	KWT
115	KG	KYRGYZSTAN	Kyrgyzstan	KGZ
116	LA	LAO PEOPLE'S DEMOCRATIC REPUBLIC	Lao People's Democratic Republic	LAO
117	LV	LATVIA	Latvia	LVA
118	LB	LEBANON	Lebanon	LBN
119	LS	LESOTHO	Lesotho	LSO
120	LR	LIBERIA	Liberia	LBR
121	LY	LIBYAN ARAB JAMAHIRIYA	Libyan Arab Jamahiriya	LBY
122	LI	LIECHTENSTEIN	Liechtenstein	LIE
123	LT	LITHUANIA	Lithuania	LTU
124	LU	LUXEMBOURG	Luxembourg	LUX
125	MO	MACAO	Macao	MAC
126	MK	NORTH MACEDONIA	North Macedonia	MKD
127	MG	MADAGASCAR	Madagascar	MDG
128	MW	MALAWI	Malawi	MWI
129	MY	MALAYSIA	Malaysia	MYS
130	MV	MALDIVES	Maldives	MDV
131	ML	MALI	Mali	MLI
132	MT	MALTA	Malta	MLT
133	MH	MARSHALL ISLANDS	Marshall Islands	MHL
134	MQ	MARTINIQUE	Martinique	MTQ
135	MR	MAURITANIA	Mauritania	MRT
136	MU	MAURITIUS	Mauritius	MUS
137	YT	MAYOTTE	Mayotte	MYT
138	MX	MEXICO	Mexico	MEX
139	FM	MICRONESIA, FEDERATED STATES OF	Micronesia, Federated States of	FSM
140	MD	MOLDOVA, REPUBLIC OF	Moldova, Republic of	MDA
141	MC	MONACO	Monaco	MCO
142	MN	MONGOLIA	Mongolia	MNG
143	MS	MONTSERRAT	Montserrat	MSR
144	MA	MOROCCO	Morocco	MAR
145	MZ	MOZAMBIQUE	Mozambique	MOZ
146	MM	MYANMAR	Myanmar	MMR
147	NA	NAMIBIA	Namibia	NAM
148	NR	NAURU	Nauru	NRU
149	NP	NEPAL	Nepal	NPL
150	NL	NETHERLANDS	Netherlands	NLD
151	AN	NETHERLANDS ANTILLES	Netherlands Antilles	ANT
152	NC	NEW CALEDONIA	New Caledonia	NCL
153	NZ	NEW ZEALAND	New Zealand	NZL
154	NI	NICARAGUA	Nicaragua	NIC
155	NE	NIGER	Niger	NER
156	NG	NIGERIA	Nigeria	NGA
157	NU	NIUE	Niue	NIU
158	NF	NORFOLK ISLAND	Norfolk Island	NFK
159	MP	NORTHERN MARIANA ISLANDS	Northern Mariana Islands	MNP
160	NO	NORWAY	Norway	NOR
161	OM	OMAN	Oman	OMN
162	PK	PAKISTAN	Pakistan	PAK
163	PW	PALAU	Palau	PLW
164	PS	PALESTINIAN TERRITORY, OCCUPIED	Palestinian Territory, Occupied	\N
165	PA	PANAMA	Panama	PAN
166	PG	PAPUA NEW GUINEA	Papua New Guinea	PNG
167	PY	PARAGUAY	Paraguay	PRY
168	PE	PERU	Peru	PER
169	PH	PHILIPPINES	Philippines	PHL
170	PN	PITCAIRN	Pitcairn	PCN
171	PL	POLAND	Poland	POL
172	PT	PORTUGAL	Portugal	PRT
173	PR	PUERTO RICO	Puerto Rico	PRI
174	QA	QATAR	Qatar	QAT
175	RE	REUNION	Reunion	REU
176	RO	ROMANIA	Romania	ROU
177	RU	RUSSIAN FEDERATION	Russian Federation	RUS
178	RW	RWANDA	Rwanda	RWA
179	SH	SAINT HELENA	Saint Helena	SHN
180	KN	SAINT KITTS AND NEVIS	Saint Kitts and Nevis	KNA
181	LC	SAINT LUCIA	Saint Lucia	LCA
182	PM	SAINT PIERRE AND MIQUELON	Saint Pierre and Miquelon	SPM
183	VC	SAINT VINCENT AND THE GRENADINES	Saint Vincent and the Grenadines	VCT
184	WS	SAMOA	Samoa	WSM
185	SM	SAN MARINO	San Marino	SMR
186	ST	SAO TOME AND PRINCIPE	Sao Tome and Principe	STP
187	SA	SAUDI ARABIA	Saudi Arabia	SAU
188	SN	SENEGAL	Senegal	SEN
189	RS	SERBIA	Serbia	SRB
190	SC	SEYCHELLES	Seychelles	SYC
191	SL	SIERRA LEONE	Sierra Leone	SLE
192	SG	SINGAPORE	Singapore	SGP
193	SK	SLOVAKIA	Slovakia	SVK
194	SI	SLOVENIA	Slovenia	SVN
195	SB	SOLOMON ISLANDS	Solomon Islands	SLB
196	SO	SOMALIA	Somalia	SOM
197	ZA	SOUTH AFRICA	South Africa	ZAF
198	GS	SOUTH GEORGIA AND THE SOUTH SANDWICH ISLANDS	South Georgia and the South Sandwich Islands	SGS
199	ES	SPAIN	Spain	ESP
200	LK	SRI LANKA	Sri Lanka	LKA
201	SD	SUDAN	Sudan	SDN
202	SR	SURINAME	Suriname	SUR
203	SJ	SVALBARD AND JAN MAYEN	Svalbard and Jan Mayen	SJM
204	SZ	SWAZILAND	Swaziland	SWZ
205	SE	SWEDEN	Sweden	SWE
206	CH	SWITZERLAND	Switzerland	CHE
207	SY	SYRIAN ARAB REPUBLIC	Syrian Arab Republic	SYR
208	TW	TAIWAN, PROVINCE OF CHINA	Taiwan, Province of China	TWN
209	TJ	TAJIKISTAN	Tajikistan	TJK
210	TZ	TANZANIA, UNITED REPUBLIC OF	Tanzania, United Republic of	TZA
211	TH	THAILAND	Thailand	THA
212	TL	TIMOR-LESTE	Timor-Leste	TLS
213	TG	TOGO	Togo	TGO
214	TK	TOKELAU	Tokelau	TKL
215	TO	TONGA	Tonga	TON
216	TT	TRINIDAD AND TOBAGO	Trinidad and Tobago	TTO
217	TN	TUNISIA	Tunisia	TUN
218	TR	TURKEY	Turkey	TUR
219	TM	TURKMENISTAN	Turkmenistan	TKM
220	TC	TURKS AND CAICOS ISLANDS	Turks and Caicos Islands	TCA
221	TV	TUVALU	Tuvalu	TUV
222	UG	UGANDA	Uganda	UGA
223	UA	UKRAINE	Ukraine	UKR
224	AE	UNITED ARAB EMIRATES	United Arab Emirates	ARE
225	GB	UNITED KINGDOM	United Kingdom	GBR
226	US	UNITED STATES	United States	USA
227	UM	UNITED STATES MINOR OUTLYING ISLANDS	United States Minor Outlying Islands	UMI
228	UY	URUGUAY	Uruguay	URY
229	UZ	UZBEKISTAN	Uzbekistan	UZB
230	VU	VANUATU	Vanuatu	VUT
231	VE	VENEZUELA	Venezuela	VEN
232	VN	VIET NAM	Viet Nam	VNM
233	VG	VIRGIN ISLANDS, BRITISH	Virgin Islands, British	VGB
234	VI	VIRGIN ISLANDS, U.S.	Virgin Islands, U.s.	VIR
235	WF	WALLIS AND FUTUNA	Wallis and Futuna	WLF
236	EH	WESTERN SAHARA	Western Sahara	ESH
237	YE	YEMEN	Yemen	YEM
238	ZM	ZAMBIA	Zambia	ZMB
239	ZW	ZIMBABWE	Zimbabwe	ZWE
240	ME	MONTENEGRO	Montenegro	MNE
241	XK	KOSOVO	Kosovo	XKX
242	AX	ALAND ISLANDS	Aland Islands	ALA
243	BQ	BONAIRE, SINT EUSTATIUS AND SABA	Bonaire, Sint Eustatius and Saba	BES
244	CW	CURACAO	Curacao	CUW
245	GG	GUERNSEY	Guernsey	GGY
246	IM	ISLE OF MAN	Isle of Man	IMN
247	JE	JERSEY	Jersey	JEY
248	BL	SAINT BARTHELEMY	Saint Barthelemy	BLM
249	MF	SAINT MARTIN	Saint Martin	MAF
250	SX	SINT MAARTEN	Sint Maarten	SXM
251	SS	SOUTH SUDAN	South Sudan	SSD
\.

COPY public.customers (customer_id, first_name, last_name, username, supersecretword, salt, email) FROM stdin;
17	Matt	Willis	MWillis	f4e593f8aadec1976d9f281b7506a6d39bd07247e2d85e90b3d3046de209052e7f098995c85718d4c42a6582cb2a46e077f6fac16d422abef7acbb502af3cf3c	4b4c07f008e4d4	mwillisgoogle.com
18	Testy	Tester	test	f6f976a0a1e92e5a3a00b1b78339e05a19046b4bdd193d8ac6a5a822fc99fb680bfc11560766e1ba6a37cf1a2cf767597d43cb28b75036cbfac16187fb665b91	4eea2dab68f8ec	test@test.com
\.

COPY public.orders (order_id, customer_id, date_ordered, date_delivered) FROM stdin;
0900a397-fb6e-454f-a95b-c42de767708b	18	2021-03-31 16:33:27	\N
867cc88f-a132-4d9c-b766-6bfb86570fe6	18	2021-04-01 13:42:33	\N
8d1578ba-05be-4844-8868-f6686823d05d	18	2021-04-01 13:43:26	\N
13c6b351-4878-4cb1-aba4-0c1a25932e80	18	2021-04-01 13:44:37	\N
6f1cfbae-63a3-4732-abe0-e7bdebb9d2e7	18	2021-04-01 13:46:55	\N
d351efd3-47f6-4b68-8940-6253b4d5d686	18	2021-04-01 13:50:21	\N
37775cda-5ec1-4810-8419-26484eb1dac8	18	2021-04-01 13:52:50	\N
f73bc4c1-54ed-4828-b2b2-9db20385e9a8	18	2021-04-01 13:54:19	\N
2647ea32-ca5e-4e03-87ab-92c780f145ed	18	2021-04-01 14:59:51	\N
faf4d662-a873-4f0a-bd00-5c34f27fc5a0	18	2021-04-01 15:13:59	\N
123d4f0d-c552-4a70-9084-2020edb8b888	18	2021-04-01 15:15:07	\N
4fc7de81-b687-4c8f-b48e-e386cab5fdb0	18	2021-04-01 15:18:14	\N
3e43d366-0e00-48ea-b647-09f7f576637d	18	2021-04-01 15:31:27	\N
df24f0f5-bc59-4304-80d1-c0d9f05751c9	18	2021-04-01 15:32:34	\N
967ba1bc-2a76-408c-9904-9a6f36b68ce9	18	2021-04-01 15:33:28	\N
dc1f3d63-84c8-4f36-a24e-f79dd79f47ce	18	2021-04-01 15:34:12	\N
21b115d1-0ce5-44f5-8e8c-5b3654e4dacc	18	2021-04-01 15:35:14	\N
5980f66c-0b49-4b0d-9369-7e5645904c40	18	2021-04-01 15:36:23	\N
5b3fbca8-6e21-4107-9545-13f6c6285946	18	2021-04-01 15:38:58	\N
c3ab01db-5535-4efb-8416-d0e3245cd431	18	2021-04-01 15:45:09	\N
a0ba66f5-ab46-44f5-a56b-2b3fe3a2e24b	18	2021-04-01 20:23:54	\N
d29ccb17-f798-4a48-b63b-85734dceccad	18	2021-04-01 20:26:17	\N
b9066729-edeb-478f-9700-59434551cb7c	18	2021-04-01 20:27:53	\N
e1f59889-5527-4714-9785-55cf23939ebb	18	2021-04-01 20:36:14	\N
c1b08fa5-9f8f-44a9-9a31-9b0b68946c5b	18	2021-04-01 20:40:22	\N
f13e63fe-9959-4c2e-b1e8-c52f5b94e80d	18	2021-04-02 12:51:07	\N
91a4a479-a51b-4d66-9aeb-705dc21f36e5	18	2021-04-02 13:00:02	\N
4bd08a06-c7dd-4e6f-a9ae-84bca023cea0	18	2021-04-02 13:04:57	\N
d9f3d300-5373-4642-a21b-d3545a6f0ff2	18	2021-04-02 13:17:01	\N
c1878bc8-e5dd-426e-8573-e8ea3d458e0b	18	2021-04-02 13:21:57	\N
17caa940-a00c-4934-b5d5-87851db3697a	18	2021-04-02 13:25:14	\N
72f2dda3-a9bd-4736-911c-f17044cf326d	18	2021-04-02 13:27:34	\N
463c3733-f272-448b-a9fe-c655b5b75f71	18	2021-04-02 15:10:18	\N
384f1365-7987-4e66-9aec-835823c06e8b	18	2021-04-02 15:15:13	\N
e6f220cb-465c-41f2-a34d-a830030d749c	18	2021-04-02 15:21:21	\N
bf7bb6f2-cfc4-4512-b7ce-2215ac8009b8	18	2021-04-02 15:28:46	\N
abdcdd30-8033-4578-846b-1d231a8e239e	18	2021-04-02 15:32:51	\N
fc650fb0-8fe1-4bb7-82a5-2552be4a2e3a	18	2021-04-02 15:35:11	\N
0eb6c03b-dc36-4976-9d90-16d675cb7139	18	2021-04-02 15:37:29	\N
e9a802f7-b9af-4796-b492-089b539046f7	18	2021-04-02 15:39:13	\N
d67c88fd-88a6-442c-9e79-ecbb12d306b7	18	2021-04-03 14:57:42	\N
\.

COPY public.orders_products (order_id, product_id, quantity) FROM stdin;
0900a397-fb6e-454f-a95b-c42de767708b	948	5
867cc88f-a132-4d9c-b766-6bfb86570fe6	948	3
8d1578ba-05be-4844-8868-f6686823d05d	948	3
13c6b351-4878-4cb1-aba4-0c1a25932e80	948	3
6f1cfbae-63a3-4732-abe0-e7bdebb9d2e7	948	3
d351efd3-47f6-4b68-8940-6253b4d5d686	848	3
37775cda-5ec1-4810-8419-26484eb1dac8	948	4
f73bc4c1-54ed-4828-b2b2-9db20385e9a8	948	4
2647ea32-ca5e-4e03-87ab-92c780f145ed	604	3
faf4d662-a873-4f0a-bd00-5c34f27fc5a0	415	3
123d4f0d-c552-4a70-9084-2020edb8b888	648	3
4fc7de81-b687-4c8f-b48e-e386cab5fdb0	648	3
3e43d366-0e00-48ea-b647-09f7f576637d	648	3
df24f0f5-bc59-4304-80d1-c0d9f05751c9	648	3
967ba1bc-2a76-408c-9904-9a6f36b68ce9	648	3
dc1f3d63-84c8-4f36-a24e-f79dd79f47ce	648	5
21b115d1-0ce5-44f5-8e8c-5b3654e4dacc	648	5
5980f66c-0b49-4b0d-9369-7e5645904c40	653	3
5b3fbca8-6e21-4107-9545-13f6c6285946	653	3
c3ab01db-5535-4efb-8416-d0e3245cd431	916	3
a0ba66f5-ab46-44f5-a56b-2b3fe3a2e24b	1051	3
d29ccb17-f798-4a48-b63b-85734dceccad	1051	2
b9066729-edeb-478f-9700-59434551cb7c	1147	3
e1f59889-5527-4714-9785-55cf23939ebb	1050	5
c1b08fa5-9f8f-44a9-9a31-9b0b68946c5b	753	3
f13e63fe-9959-4c2e-b1e8-c52f5b94e80d	948	3
91a4a479-a51b-4d66-9aeb-705dc21f36e5	948	3
4bd08a06-c7dd-4e6f-a9ae-84bca023cea0	648	3
d9f3d300-5373-4642-a21b-d3545a6f0ff2	415	3
c1878bc8-e5dd-426e-8573-e8ea3d458e0b	648	3
17caa940-a00c-4934-b5d5-87851db3697a	949	3
72f2dda3-a9bd-4736-911c-f17044cf326d	750	3
463c3733-f272-448b-a9fe-c655b5b75f71	948	3
384f1365-7987-4e66-9aec-835823c06e8b	392	3
e6f220cb-465c-41f2-a34d-a830030d749c	848	3
bf7bb6f2-cfc4-4512-b7ce-2215ac8009b8	752	3
abdcdd30-8033-4578-846b-1d231a8e239e	752	3
fc650fb0-8fe1-4bb7-82a5-2552be4a2e3a	654	3
0eb6c03b-dc36-4976-9d90-16d675cb7139	848	3
e9a802f7-b9af-4796-b492-089b539046f7	856	3
d67c88fd-88a6-442c-9e79-ecbb12d306b7	1147	3
\.

COPY public.products (product_id, name, stock_amount, company_id, description, price, category, score, ratings, creator, year) FROM stdin;
415	Terms of Endearment (1983)	160	73	Carbonite web goalkeeper gloves are ergonomically designed to give easy fit	20	2	5	4104	Brian Streich	1946
416	Forrest Gump (1994)	6	24	Boston's most advanced compression wear technology increases muscle oxygenation, stabilizes active muscles	9	2	2	1556	Woodrow Brown	1935
417	The Thing (1982)	587	78	Ergonomic executive chair upholstered in bonded black leather and PVC padded seat and back for all-day comfort and support	5	2	4	746	Tim Goodwin	1893
419	Magnolia (1999)	40	30	The automobile layout consists of a front-engine design, with transaxle-type transmissions mounted at the rear of the engine and four wheel drive	7	2	5	6160	Frankie Heathcote	1892
420	Dunkirk (2017)	461	86	The Apollotech B340 is an affordable wireless mouse with reliable connectivity, 12 months battery life and modern design	7	2	4	7785	Susie O'Connell	1883
421	Casablanca (1942)	723	69	Carbonite web goalkeeper gloves are ergonomically designed to give easy fit	21	2	5	4139	Herman Kling	1997
423	Boyhood (2014)	1075	66	Boston's most advanced compression wear technology increases muscle oxygenation, stabilizes active muscles	5	2	5	5616	Doyle Batz I	1985
424	Mystic River (2003)	282	34	The Nagasaki Lander is the trademarked name of several series of Nagasaki sport bikes, that started with the 1984 ABC800J	22	2	5	5090	Levi Trantow	1876
425	Amadeus (1984)	1395	74	The Nagasaki Lander is the trademarked name of several series of Nagasaki sport bikes, that started with the 1984 ABC800J	12	2	2	8942	Raquel Koepp	1878
426	Fargo (1996)	243	52	Ergonomic executive chair upholstered in bonded black leather and PVC padded seat and back for all-day comfort and support	19	2	2	1826	Mr. Woodrow VonRueden	1867
427	The Grand Budapest Hotel (2014)	1445	34	Boston's most advanced compression wear technology increases muscle oxygenation, stabilizes active muscles	18	2	1	2240	Josephine Gutmann	2008
428	The Post (2017)	978	70	The Football Is Good For Training And Recreational Purposes	21	2	2	6134	Todd Anderson	1868
430	Inception (2010)	1724	23	Carbonite web goalkeeper gloves are ergonomically designed to give easy fit	24	2	2	5640	Mr. Hattie Luettgen	1948
431	The Exorcist (1973)	12	35	Carbonite web goalkeeper gloves are ergonomically designed to give easy fit	17	2	5	9148	Jack Halvorson	1978
432	The Hours (2002)	85	21	New range of formal shirts are designed keeping you in mind. With fits and styling that will make you stand apart	13	2	2	7084	Abraham Durgan	1885
434	Butch Cassidy and the Sundance Kid (1969)	1411	33	The Football Is Good For Training And Recreational Purposes	5	2	1	6351	Denise Hintz	1859
435	Top Gun (1986)	785	12	The Football Is Good For Training And Recreational Purposes	14	2	1	9267	Blake Tromp DDS	1892
438	In the Heat of the Night (1967)	595	64	Carbonite web goalkeeper gloves are ergonomically designed to give easy fit	8	2	3	6754	Clara Witting III	2001
439	Ordinary People (1980)	401	15	The Football Is Good For Training And Recreational Purposes	10	2	5	4114	Carol Rolfson	1966
440	The Imitation Game (2014)	1092	5	Ergonomic executive chair upholstered in bonded black leather and PVC padded seat and back for all-day comfort and support	23	2	1	8677	Kim Schuster	1940
441	Ghostbusters (1984)	1895	71	New ABC 13 9370, 13.3, 5th Gen CoreA5-8250U, 8GB RAM, 256GB SSD, power UHD Graphics, OS 10 Home, OS Office A & J 2016	12	2	3	1692	Simon Haley	1988
442	A Man for All Seasons (1966)	1516	19	The Apollotech B340 is an affordable wireless mouse with reliable connectivity, 12 months battery life and modern design	12	2	5	9769	Delores Zieme III	2002
443	12 Angry Men (1957)	206	96	Carbonite web goalkeeper gloves are ergonomically designed to give easy fit	21	2	1	7215	Marshall Kshlerin	1858
444	The Lord of the Rings: The Two Towers (2002)	922	27	Boston's most advanced compression wear technology increases muscle oxygenation, stabilizes active muscles	8	2	1	5527	Teri Mills	1882
445	All Quiet on the Western Front (1930)	1722	44	New range of formal shirts are designed keeping you in mind. With fits and styling that will make you stand apart	5	2	4	9635	Dr. Todd Leuschke	1988
446	Basic Instinct (1992)	64	97	Boston's most advanced compression wear technology increases muscle oxygenation, stabilizes active muscles	14	2	4	9187	Dominic Leuschke	1859
447	The Shining (1980)	1979	8	The slim & simple Maple Gaming Keyboard from Dev Byte comes with a sleek body and 7- Color RGB LED Back-lighting for smart functionality	23	2	5	7667	Cary Leuschke	1874
448	The Artist (2011)	1603	56	New range of formal shirts are designed keeping you in mind. With fits and styling that will make you stand apart	11	2	5	6397	Leon Bruen	1964
449	Pretty Woman (1990)	627	52	Boston's most advanced compression wear technology increases muscle oxygenation, stabilizes active muscles	13	2	3	3328	Ray Batz	1883
450	Gravity (2013)	1220	89	New range of formal shirts are designed keeping you in mind. With fits and styling that will make you stand apart	7	2	4	6795	Francis O'Conner	1893
451	Brokeback Mountain (2005)	649	55	The Apollotech B340 is an affordable wireless mouse with reliable connectivity, 12 months battery life and modern design	11	2	3	8024	Ricky Smith	1852
452	Waterworld (1995)	1653	79	Andy shoes are designed to keeping in mind durability as well as trends, the most stylish range of shoes & sandals	18	2	1	2672	Michele Nolan	1953
454	Moneyball (2011)	1574	24	The beautiful range of Apple Naturalé that has an exciting mix of natural ingredients. With the Goodness of 100% Natural Ingredients	8	2	3	8795	Kristy Ledner IV	1873
456	Stand by Me (1986)	1982	50	Carbonite web goalkeeper gloves are ergonomically designed to give easy fit	7	2	1	1024	Max Herzog	1981
457	Life of Pi (2012)	931	77	The Nagasaki Lander is the trademarked name of several series of Nagasaki sport bikes, that started with the 1984 ABC800J	19	2	3	503	Meghan Hand	2016
458	Traffic (2000)	248	29	Carbonite web goalkeeper gloves are ergonomically designed to give easy fit	15	2	3	147	Ms. Hilda Powlowski	1870
460	Midnight Cowboy (1969)	43	48	Ergonomic executive chair upholstered in bonded black leather and PVC padded seat and back for all-day comfort and support	5	2	4	9807	Damon Stiedemann	1929
461	American Pie (1999)	501	72	The automobile layout consists of a front-engine design, with transaxle-type transmissions mounted at the rear of the engine and four wheel drive	18	2	5	3549	Philip Bayer	1998
462	American Graffiti (1973)	1928	39	New ABC 13 9370, 13.3, 5th Gen CoreA5-8250U, 8GB RAM, 256GB SSD, power UHD Graphics, OS 10 Home, OS Office A & J 2016	6	2	2	5460	Mrs. Janet Cummerata	1913
463	Avatar (2009)	1434	54	The Apollotech B340 is an affordable wireless mouse with reliable connectivity, 12 months battery life and modern design	5	2	3	8111	Grant Raynor	2009
464	The NeverEnding Story (1984)	1292	2	The automobile layout consists of a front-engine design, with transaxle-type transmissions mounted at the rear of the engine and four wheel drive	13	2	5	500	Janet Feest DVM	1980
465	The Usual Suspects (1995)	745	15	Boston's most advanced compression wear technology increases muscle oxygenation, stabilizes active muscles	9	2	2	9965	Jacqueline Kohler	1930
466	Fight Club (1999)	1274	80	The Football Is Good For Training And Recreational Purposes	12	2	1	4736	Esther Heller	1952
467	Star Wars: Episode I - The Phantom Menace (1999)	1909	18	Andy shoes are designed to keeping in mind durability as well as trends, the most stylish range of shoes & sandals	8	2	1	1781	Luis Runte	1934
468	Chariots of Fire (1981)	89	96	Andy shoes are designed to keeping in mind durability as well as trends, the most stylish range of shoes & sandals	7	2	4	1660	Alberto Schaefer	2003
469	American Pie (1999)	1954	68	Ergonomic executive chair upholstered in bonded black leather and PVC padded seat and back for all-day comfort and support	23	2	2	7301	Bruce Wolf	1886
470	The Departed (2006)	1295	58	The Football Is Good For Training And Recreational Purposes	18	2	1	2285	Preston Wilkinson	1889
472	Blade Runner (1982)	551	51	The slim & simple Maple Gaming Keyboard from Dev Byte comes with a sleek body and 7- Color RGB LED Back-lighting for smart functionality	23	2	4	359	Mr. Dora Keeling	1997
473	Vertigo (1958)	232	49	Carbonite web goalkeeper gloves are ergonomically designed to give easy fit	7	2	2	2819	Katie Champlin	1920
474	Chinatown (1974)	246	52	Andy shoes are designed to keeping in mind durability as well as trends, the most stylish range of shoes & sandals	17	2	5	104	Fannie Hartmann	1969
475	Ghostbusters II (1989)	784	45	The Apollotech B340 is an affordable wireless mouse with reliable connectivity, 12 months battery life and modern design	8	2	2	4518	Delbert Gerlach	2006
477	Good Night, and Good Luck (2005)	641	81	The beautiful range of Apple Naturalé that has an exciting mix of natural ingredients. With the Goodness of 100% Natural Ingredients	12	2	3	3595	Olivia Stehr	1899
478	The Artist (2011)	1785	43	The beautiful range of Apple Naturalé that has an exciting mix of natural ingredients. With the Goodness of 100% Natural Ingredients	25	2	3	8794	Bernadette Stanton	2015
480	Heat (1995)	1551	31	Carbonite web goalkeeper gloves are ergonomically designed to give easy fit	19	2	5	876	Mary Bergstrom	1998
481	Mystic River (2003)	482	98	Carbonite web goalkeeper gloves are ergonomically designed to give easy fit	14	2	5	5947	Alma Schuster	2015
482	Fast Times at Ridgemont High (1982)	1566	48	New ABC 13 9370, 13.3, 5th Gen CoreA5-8250U, 8GB RAM, 256GB SSD, power UHD Graphics, OS 10 Home, OS Office A & J 2016	9	2	4	7140	Armando Miller	1877
483	The Wolf of Wall Street (2013)	1508	88	The beautiful range of Apple Naturalé that has an exciting mix of natural ingredients. With the Goodness of 100% Natural Ingredients	18	2	2	2288	Rickey Beahan	1973
484	Dallas Buyers Club (2013)	524	12	New ABC 13 9370, 13.3, 5th Gen CoreA5-8250U, 8GB RAM, 256GB SSD, power UHD Graphics, OS 10 Home, OS Office A & J 2016	21	2	5	8344	Rolando Gutkowski	1986
485	Citizen Kane (1941)	1134	38	The Football Is Good For Training And Recreational Purposes	19	2	1	9292	Eloise Greenholt	1949
486	A Man for All Seasons (1966)	315	70	Carbonite web goalkeeper gloves are ergonomically designed to give easy fit	16	2	4	1311	Lillie Nolan	1947
604	BASIC	951	96	The Football Is Good For Training And Recreational Purposes	14	3	3	1125	Alice Konopelski	1979
487	Inception (2010)	1341	81	New ABC 13 9370, 13.3, 5th Gen CoreA5-8250U, 8GB RAM, 256GB SSD, power UHD Graphics, OS 10 Home, OS Office A & J 2016	9	2	4	9407	Estelle Shields	2005
488	Raiders of the Lost Ark (1981)	1351	73	The Football Is Good For Training And Recreational Purposes	24	2	5	4603	Bessie Jakubowski	1984
489	Gandhi (1982)	1914	41	The Apollotech B340 is an affordable wireless mouse with reliable connectivity, 12 months battery life and modern design	21	2	1	3007	Johnny Gorczany	1944
490	Gangs of New York (2002)	332	30	The beautiful range of Apple Naturalé that has an exciting mix of natural ingredients. With the Goodness of 100% Natural Ingredients	16	2	3	3385	Drew O'Keefe	2018
492	The Terminator (1984)	1046	79	The beautiful range of Apple Naturalé that has an exciting mix of natural ingredients. With the Goodness of 100% Natural Ingredients	5	2	1	4133	Antonio Howell	1971
493	The Third Man (1949)	613	77	The Football Is Good For Training And Recreational Purposes	15	2	2	468	Bessie Kuhlman	2000
494	Crouching Tiger, Hidden Dragon (2000)	918	76	New ABC 13 9370, 13.3, 5th Gen CoreA5-8250U, 8GB RAM, 256GB SSD, power UHD Graphics, OS 10 Home, OS Office A & J 2016	15	2	5	6746	Ms. Sylvia Kris	1887
495	Clueless (1995)	103	22	New range of formal shirts are designed keeping you in mind. With fits and styling that will make you stand apart	23	2	4	7395	Miss Garry Jenkins	1936
497	Spotlight (2015)	1292	5	New range of formal shirts are designed keeping you in mind. With fits and styling that will make you stand apart	18	2	3	369	Wm Moen	1970
499	Ghostbusters (1984)	1540	65	Ergonomic executive chair upholstered in bonded black leather and PVC padded seat and back for all-day comfort and support	12	2	3	7606	Sonia Towne	1893
501	Boyhood (2014)	1099	36	Ergonomic executive chair upholstered in bonded black leather and PVC padded seat and back for all-day comfort and support	10	2	2	2722	Ed Robel	1966
502	Out of Africa (1985)	942	3	New ABC 13 9370, 13.3, 5th Gen CoreA5-8250U, 8GB RAM, 256GB SSD, power UHD Graphics, OS 10 Home, OS Office A & J 2016	22	2	5	3918	Bradford Rodriguez	2012
504	Reservoir Dogs (1992)	1447	29	The Nagasaki Lander is the trademarked name of several series of Nagasaki sport bikes, that started with the 1984 ABC800J	21	2	3	1726	Doris Cassin	1934
505	Saving Private Ryan (1998)	378	17	Ergonomic executive chair upholstered in bonded black leather and PVC padded seat and back for all-day comfort and support	13	2	1	2987	Vicki Raynor	2000
506	Once Upon a Time in America (1984)	662	37	Ergonomic executive chair upholstered in bonded black leather and PVC padded seat and back for all-day comfort and support	21	2	3	9309	Terry Glover	1878
507	A Streetcar Named Desire (1951)	427	94	Carbonite web goalkeeper gloves are ergonomically designed to give easy fit	10	2	2	2845	Albert Douglas	1961
509	Romeo + Juliet (1996)	1918	38	The Football Is Good For Training And Recreational Purposes	18	2	3	5669	Carl Howell	1853
510	The Deer Hunter (1978)	1261	64	The automobile layout consists of a front-engine design, with transaxle-type transmissions mounted at the rear of the engine and four wheel drive	15	2	2	6846	Wanda Hyatt	1974
511	Moulin Rouge! (2001)	851	86	The automobile layout consists of a front-engine design, with transaxle-type transmissions mounted at the rear of the engine and four wheel drive	16	2	1	4811	Stewart Cassin	1851
512	Dances with Wolves (1990)	1528	51	Ergonomic executive chair upholstered in bonded black leather and PVC padded seat and back for all-day comfort and support	5	2	3	1466	Janice Gislason	2020
385	Hoeger Haven	99	88	Boston's most advanced compression wear technology increases muscle oxygenation, stabilizes active muscles	24	1	5	4164	Mildred Auer	1960
387	Paul Tunnel	458	96	New ABC 13 9370, 13.3, 5th Gen CoreA5-8250U, 8GB RAM, 256GB SSD, power UHD Graphics, OS 10 Home, OS Office A & J 2016	14	1	3	355	Luke Schuppe	2000
388	Orn Shores	915	97	New range of formal shirts are designed keeping you in mind. With fits and styling that will make you stand apart	11	1	1	971	Velma Willms	1868
389	Buddy Trace	180	75	The beautiful range of Apple Naturalé that has an exciting mix of natural ingredients. With the Goodness of 100% Natural Ingredients	9	1	3	4098	Ms. Penny Mayert	1963
390	Woodrow Crescent	1809	91	The Nagasaki Lander is the trademarked name of several series of Nagasaki sport bikes, that started with the 1984 ABC800J	14	1	3	1671	Christine Dibbert	1975
391	Martine Well	1603	54	Andy shoes are designed to keeping in mind durability as well as trends, the most stylish range of shoes & sandals	23	1	5	7957	Ms. Jean Borer	1860
392	Borer Views	1953	100	Boston's most advanced compression wear technology increases muscle oxygenation, stabilizes active muscles	19	1	2	9210	Kent Carroll	1916
393	Vivian Extensions	900	99	The Football Is Good For Training And Recreational Purposes	13	1	5	6962	Eileen Haag	1910
394	Conn Cliff	1521	66	Ergonomic executive chair upholstered in bonded black leather and PVC padded seat and back for all-day comfort and support	17	1	5	7269	Mrs. Cheryl Brekke	1990
395	Travis Passage	973	24	The automobile layout consists of a front-engine design, with transaxle-type transmissions mounted at the rear of the engine and four wheel drive	9	1	2	6059	Dr. Celia Bode	1957
398	Jack Locks	1634	74	Ergonomic executive chair upholstered in bonded black leather and PVC padded seat and back for all-day comfort and support	25	1	5	5075	Nettie Medhurst	1954
399	Cindy Lane	1528	83	The beautiful range of Apple Naturalé that has an exciting mix of natural ingredients. With the Goodness of 100% Natural Ingredients	6	1	4	7377	Ms. Irving Paucek	1944
400	Emmerich Center	240	33	Boston's most advanced compression wear technology increases muscle oxygenation, stabilizes active muscles	25	1	3	6117	Winifred Connelly	1968
401	Emerson Coves	1604	3	The beautiful range of Apple Naturalé that has an exciting mix of natural ingredients. With the Goodness of 100% Natural Ingredients	15	1	3	1854	Miguel Wilderman	1852
403	Durgan Turnpike	125	69	The beautiful range of Apple Naturalé that has an exciting mix of natural ingredients. With the Goodness of 100% Natural Ingredients	23	1	5	4128	Allan Hyatt	1994
404	Huel Square	405	50	The automobile layout consists of a front-engine design, with transaxle-type transmissions mounted at the rear of the engine and four wheel drive	22	1	4	7404	Christine Monahan	1909
406	Brent Mill	146	3	The Football Is Good For Training And Recreational Purposes	19	1	2	6527	Ron Ledner	1912
407	Veum Skyway	1176	22	Andy shoes are designed to keeping in mind durability as well as trends, the most stylish range of shoes & sandals	14	1	4	3428	Mrs. Peggy Satterfield	2006
409	Madisyn Street	602	29	Carbonite web goalkeeper gloves are ergonomically designed to give easy fit	8	1	1	49	Dr. Leland Thompson	1989
410	Teresa Crossroad	697	83	New range of formal shirts are designed keeping you in mind. With fits and styling that will make you stand apart	9	1	2	2034	Joan Volkman	2015
411	Madonna Glen	17	40	The Nagasaki Lander is the trademarked name of several series of Nagasaki sport bikes, that started with the 1984 ABC800J	24	1	5	3130	Yvette Murray	1918
412	Jacobson Mountain	1168	88	Boston's most advanced compression wear technology increases muscle oxygenation, stabilizes active muscles	10	1	1	4289	Janis Toy	1948
413	Rhea Squares	1767	23	Ergonomic executive chair upholstered in bonded black leather and PVC padded seat and back for all-day comfort and support	17	1	5	8072	Ms. Toby Kunde	1993
513	Sideways (2004)	497	88	Ergonomic executive chair upholstered in bonded black leather and PVC padded seat and back for all-day comfort and support	25	2	2	3611	Brooke Gerhold	1883
514	Continental Jazz	1908	34	Ergonomic executive chair upholstered in bonded black leather and PVC padded seat and back for all-day comfort and support	23	2	4	7487	Whitney Romaguera	1994
515	Freestyle	1606	72	The automobile layout consists of a front-engine design, with transaxle-type transmissions mounted at the rear of the engine and four wheel drive	21	2	1	3643	Santos Morar	2015
516	Chiptune	1507	28	The beautiful range of Apple Naturalé that has an exciting mix of natural ingredients. With the Goodness of 100% Natural Ingredients	19	2	3	3426	Dexter Roob	1944
517	Dream trance	1462	83	The automobile layout consists of a front-engine design, with transaxle-type transmissions mounted at the rear of the engine and four wheel drive	9	2	5	1333	Luz Schmitt	2015
518	Folktronica	894	22	The Football Is Good For Training And Recreational Purposes	15	2	4	2934	Tyler Renner	1918
519	IDM	1875	26	The slim & simple Maple Gaming Keyboard from Dev Byte comes with a sleek body and 7- Color RGB LED Back-lighting for smart functionality	14	2	4	8685	Kristi Heathcote	1974
520	Broken beat	1549	4	Boston's most advanced compression wear technology increases muscle oxygenation, stabilizes active muscles	5	2	4	2993	Mindy Cassin	1933
523	Electronic rock	1015	77	New range of formal shirts are designed keeping you in mind. With fits and styling that will make you stand apart	16	2	1	835	Traci Runolfsdottir	1856
524	Cavrin (Cevrin) di Coazze	1343	52	New range of formal shirts are designed keeping you in mind. With fits and styling that will make you stand apart	8	1	3	2311	Kelli McCullough	1988
525	Fiurit	685	10	Boston's most advanced compression wear technology increases muscle oxygenation, stabilizes active muscles	20	1	3	6121	Kristy Hayes	1956
526	Queso Patamulo	1271	41	The Nagasaki Lander is the trademarked name of several series of Nagasaki sport bikes, that started with the 1984 ABC800J	18	1	4	1444	Antoinette Conn	1951
527	Moncenisio	963	92	The beautiful range of Apple Naturalé that has an exciting mix of natural ingredients. With the Goodness of 100% Natural Ingredients	13	1	4	7478	Marco Nolan	2013
528	Hushållsost	684	69	The automobile layout consists of a front-engine design, with transaxle-type transmissions mounted at the rear of the engine and four wheel drive	15	1	3	3471	Rose Beier	1858
529	Torta del Casar	733	7	New range of formal shirts are designed keeping you in mind. With fits and styling that will make you stand apart	25	1	2	8831	Verna Jakubowski	1917
530	Caprino al pepe di Bagnolo	286	44	The slim & simple Maple Gaming Keyboard from Dev Byte comes with a sleek body and 7- Color RGB LED Back-lighting for smart functionality	15	1	2	1313	Cecil Purdy	2006
531	Ravaggiolo romagnolo	47	67	New range of formal shirts are designed keeping you in mind. With fits and styling that will make you stand apart	19	1	3	1345	Dr. Austin Berge	2009
532	Rebruchon	164	27	New range of formal shirts are designed keeping you in mind. With fits and styling that will make you stand apart	14	1	5	1153	Todd Huels V	1968
534	Whitehaven	782	23	The Nagasaki Lander is the trademarked name of several series of Nagasaki sport bikes, that started with the 1984 ABC800J	13	1	4	8418	Claudia Baumbach	1862
536	Pecorino baccellone	230	58	The Nagasaki Lander is the trademarked name of several series of Nagasaki sport bikes, that started with the 1984 ABC800J	19	1	4	6520	Rosie Hauck Jr.	1933
537	Gotland Blue	280	52	New range of formal shirts are designed keeping you in mind. With fits and styling that will make you stand apart	11	1	1	9495	Kent Reilly MD	1879
538	Montegranero	1477	56	The Football Is Good For Training And Recreational Purposes	17	1	1	964	Darlene Beatty	1987
539	Grevé	357	35	Andy shoes are designed to keeping in mind durability as well as trends, the most stylish range of shoes & sandals	22	1	4	716	Dianne Ortiz	1998
540	gjetost	164	38	Ergonomic executive chair upholstered in bonded black leather and PVC padded seat and back for all-day comfort and support	24	1	2	998	Kristin Bogisich	1899
541	Queijo Serra da Estrela	376	52	New ABC 13 9370, 13.3, 5th Gen CoreA5-8250U, 8GB RAM, 256GB SSD, power UHD Graphics, OS 10 Home, OS Office A & J 2016	13	1	5	7469	Jimmy Heaney	1899
542	Caciotta di latte caprino	1197	78	The beautiful range of Apple Naturalé that has an exciting mix of natural ingredients. With the Goodness of 100% Natural Ingredients	11	1	3	9515	Herman Stehr	1964
543	Formai de Mut	690	93	Ergonomic executive chair upholstered in bonded black leather and PVC padded seat and back for all-day comfort and support	21	1	4	7998	Shelly Hodkiewicz	1910
544	Caprino presamico piemontese	416	50	Ergonomic executive chair upholstered in bonded black leather and PVC padded seat and back for all-day comfort and support	16	1	2	7388	Wendy Pfeffer	1974
545	Queso Patamulo	1657	94	The Nagasaki Lander is the trademarked name of several series of Nagasaki sport bikes, that started with the 1984 ABC800J	7	1	4	4693	Sue Larkin	1960
546	La Res	455	29	The automobile layout consists of a front-engine design, with transaxle-type transmissions mounted at the rear of the engine and four wheel drive	20	1	4	8724	Ms. Clifton Shields	1862
547	Salers	428	13	The Nagasaki Lander is the trademarked name of several series of Nagasaki sport bikes, that started with the 1984 ABC800J	24	1	3	2169	Carla Cartwright	2019
548	GitHub	713	15	The Football Is Good For Training And Recreational Purposes	7	3	2	9916	Catherine Gerlach	1868
549	AWS	1311	50	The Football Is Good For Training And Recreational Purposes	8	3	3	4138	Vincent Hane	1918
551	AIM	1027	42	The slim & simple Maple Gaming Keyboard from Dev Byte comes with a sleek body and 7- Color RGB LED Back-lighting for smart functionality	23	3	1	9178	Violet Smith	1938
552	Aviato	113	97	The beautiful range of Apple Naturalé that has an exciting mix of natural ingredients. With the Goodness of 100% Natural Ingredients	14	3	1	585	Wilma Shields	2014
553	Netflix	775	31	The beautiful range of Apple Naturalé that has an exciting mix of natural ingredients. With the Goodness of 100% Natural Ingredients	8	3	2	2923	Kristin Hegmann PhD	2017
554	IRC	617	6	The Nagasaki Lander is the trademarked name of several series of Nagasaki sport bikes, that started with the 1984 ABC800J	10	3	3	5789	Darin Lesch	1957
555	WordPress	1824	11	Boston's most advanced compression wear technology increases muscle oxygenation, stabilizes active muscles	18	3	5	6079	Tyrone Breitenberg	1854
556	PushNotifications	1426	84	Ergonomic executive chair upholstered in bonded black leather and PVC padded seat and back for all-day comfort and support	17	3	3	8583	Timmy Kub	1934
557	Canvas	646	64	The Nagasaki Lander is the trademarked name of several series of Nagasaki sport bikes, that started with the 1984 ABC800J	24	3	1	2852	Alexis White Sr.	1906
558	IFTT	741	80	New range of formal shirts are designed keeping you in mind. With fits and styling that will make you stand apart	21	3	4	9963	Jay Tromp	1881
559	Cucumber	1682	82	The Apollotech B340 is an affordable wireless mouse with reliable connectivity, 12 months battery life and modern design	12	3	3	2537	Emmett Smith	1999
560	AWS	376	60	Boston's most advanced compression wear technology increases muscle oxygenation, stabilizes active muscles	9	3	4	3594	Alan Jakubowski III	1903
561	Scala	1418	18	The Football Is Good For Training And Recreational Purposes	14	3	3	4462	Dana Cassin	1854
562	CrunchBang	75	6	The Apollotech B340 is an affordable wireless mouse with reliable connectivity, 12 months battery life and modern design	18	3	3	1831	Mr. Omar Wisoky	1990
564	Node.js	1631	36	The Apollotech B340 is an affordable wireless mouse with reliable connectivity, 12 months battery life and modern design	11	3	4	3458	Norma Little	1933
565	Netflix	259	55	The Apollotech B340 is an affordable wireless mouse with reliable connectivity, 12 months battery life and modern design	19	3	4	1697	Gilberto O'Conner	1945
567	Hadoop	37	34	Carbonite web goalkeeper gloves are ergonomically designed to give easy fit	13	3	5	1579	Dale Von	1901
568	OAuth	638	84	The automobile layout consists of a front-engine design, with transaxle-type transmissions mounted at the rear of the engine and four wheel drive	9	3	1	3580	Mae Blanda	1856
569	CodePipeline	44	43	New range of formal shirts are designed keeping you in mind. With fits and styling that will make you stand apart	19	3	2	176	Earnest Kozey	2003
570	HTML5	1164	94	Carbonite web goalkeeper gloves are ergonomically designed to give easy fit	21	3	5	5250	Rose Bruen	1983
573	BASIC	1806	66	Carbonite web goalkeeper gloves are ergonomically designed to give easy fit	15	3	2	5424	Terence Hansen	1912
574	AIM	1287	66	The Football Is Good For Training And Recreational Purposes	10	3	2	8035	Karl Beatty	1999
576	VisualBasic	922	87	Carbonite web goalkeeper gloves are ergonomically designed to give easy fit	5	3	1	6777	Dwight Ankunding	2018
577	Lisp	686	19	The Apollotech B340 is an affordable wireless mouse with reliable connectivity, 12 months battery life and modern design	18	3	3	7142	Susan Gleason	1921
579	Django	1625	84	The automobile layout consists of a front-engine design, with transaxle-type transmissions mounted at the rear of the engine and four wheel drive	18	3	4	4265	Paulette Thiel	1853
580	Backbone	648	2	New ABC 13 9370, 13.3, 5th Gen CoreA5-8250U, 8GB RAM, 256GB SSD, power UHD Graphics, OS 10 Home, OS Office A & J 2016	22	3	4	7730	Neal Wilkinson	1868
581	Ruby	1062	2	The automobile layout consists of a front-engine design, with transaxle-type transmissions mounted at the rear of the engine and four wheel drive	10	3	4	3942	Kay Bode	1919
583	Capistrano	1489	73	The Apollotech B340 is an affordable wireless mouse with reliable connectivity, 12 months battery life and modern design	14	3	2	3151	Katie Hayes	1950
585	Netflix	93	69	The automobile layout consists of a front-engine design, with transaxle-type transmissions mounted at the rear of the engine and four wheel drive	11	3	1	1549	Colleen Hegmann MD	1972
587	Sinatra	1141	77	The slim & simple Maple Gaming Keyboard from Dev Byte comes with a sleek body and 7- Color RGB LED Back-lighting for smart functionality	10	3	4	2388	Ellis Conn	1951
588	AIM	1656	39	Boston's most advanced compression wear technology increases muscle oxygenation, stabilizes active muscles	8	3	5	8909	Mr. Delores Donnelly	1993
589	Sinatra	168	10	The slim & simple Maple Gaming Keyboard from Dev Byte comes with a sleek body and 7- Color RGB LED Back-lighting for smart functionality	13	3	1	857	Joel DuBuque	1912
590	Unicorn	1227	90	The automobile layout consists of a front-engine design, with transaxle-type transmissions mounted at the rear of the engine and four wheel drive	23	3	2	7206	Elijah Labadie	1868
591	ActionScript	838	57	The Nagasaki Lander is the trademarked name of several series of Nagasaki sport bikes, that started with the 1984 ABC800J	22	3	3	2877	Omar Carter	1863
592	ActionScript	1819	32	The Nagasaki Lander is the trademarked name of several series of Nagasaki sport bikes, that started with the 1984 ABC800J	12	3	5	7770	Veronica Homenick	1894
593	MySql	1591	35	The Apollotech B340 is an affordable wireless mouse with reliable connectivity, 12 months battery life and modern design	10	3	1	6355	Ann Schuppe DDS	1900
594	Sinatra	494	93	The Football Is Good For Training And Recreational Purposes	21	3	1	1255	Nina Hermiston	1960
595	Rails	1718	16	Carbonite web goalkeeper gloves are ergonomically designed to give easy fit	10	3	5	5346	Ana Willms	2020
596	IRB	1071	56	New range of formal shirts are designed keeping you in mind. With fits and styling that will make you stand apart	16	3	5	535	Glenn Connelly	1946
597	Indiegogo	1561	5	The beautiful range of Apple Naturalé that has an exciting mix of natural ingredients. With the Goodness of 100% Natural Ingredients	9	3	5	5382	Jordan Fadel	1918
598	C+	859	94	The slim & simple Maple Gaming Keyboard from Dev Byte comes with a sleek body and 7- Color RGB LED Back-lighting for smart functionality	24	3	2	4907	Peter Franecki	1887
599	Grunt	305	68	The automobile layout consists of a front-engine design, with transaxle-type transmissions mounted at the rear of the engine and four wheel drive	11	3	5	5032	Mrs. Sam Muller	1956
600	CloudFront	1730	15	Ergonomic executive chair upholstered in bonded black leather and PVC padded seat and back for all-day comfort and support	20	3	4	4690	Chelsea Aufderhar	1939
601	SWF	1901	17	Carbonite web goalkeeper gloves are ergonomically designed to give easy fit	10	3	1	3489	Jamie Gutmann	1944
602	LeapMotion	1832	41	Andy shoes are designed to keeping in mind durability as well as trends, the most stylish range of shoes & sandals	25	3	5	3140	Patti Hoppe	1980
605	Yelp	1536	19	New ABC 13 9370, 13.3, 5th Gen CoreA5-8250U, 8GB RAM, 256GB SSD, power UHD Graphics, OS 10 Home, OS Office A & J 2016	7	3	1	5672	Nicole Prosacco	1936
606	Backbone	577	99	Carbonite web goalkeeper gloves are ergonomically designed to give easy fit	18	3	4	3531	Darla Grady	2018
607	Nokogiri	271	85	New ABC 13 9370, 13.3, 5th Gen CoreA5-8250U, 8GB RAM, 256GB SSD, power UHD Graphics, OS 10 Home, OS Office A & J 2016	13	3	2	4731	Lana Kilback	1963
608	VBScript	641	58	Boston's most advanced compression wear technology increases muscle oxygenation, stabilizes active muscles	15	3	3	3232	Miss Kristina Thompson	1979
609	ActiveRecord	886	89	The beautiful range of Apple Naturalé that has an exciting mix of natural ingredients. With the Goodness of 100% Natural Ingredients	25	3	4	97	Mrs. Esther Zieme	1958
610	ActionScript	331	14	Boston's most advanced compression wear technology increases muscle oxygenation, stabilizes active muscles	8	3	4	379	Nathaniel Durgan	1994
611	IRC	603	62	Boston's most advanced compression wear technology increases muscle oxygenation, stabilizes active muscles	17	3	3	3554	Lynn Stroman	1988
612	CloudWatch	352	43	The Apollotech B340 is an affordable wireless mouse with reliable connectivity, 12 months battery life and modern design	10	3	4	9776	Kristi Harber	1978
613	CodePipeline	1576	93	New ABC 13 9370, 13.3, 5th Gen CoreA5-8250U, 8GB RAM, 256GB SSD, power UHD Graphics, OS 10 Home, OS Office A & J 2016	20	3	5	2243	Bradley Lang	1963
614	EC2	119	15	The automobile layout consists of a front-engine design, with transaxle-type transmissions mounted at the rear of the engine and four wheel drive	5	3	5	7021	Johnathan Kilback	1909
615	Websockets	829	96	The slim & simple Maple Gaming Keyboard from Dev Byte comes with a sleek body and 7- Color RGB LED Back-lighting for smart functionality	15	3	3	5192	Sherri Connelly	1956
618	CouchDB	1830	28	The Football Is Good For Training And Recreational Purposes	25	3	3	2324	Marjorie Howe	1877
620	OAuth	521	87	New ABC 13 9370, 13.3, 5th Gen CoreA5-8250U, 8GB RAM, 256GB SSD, power UHD Graphics, OS 10 Home, OS Office A & J 2016	15	3	5	8043	Calvin Nicolas	1979
621	Elasticache	226	13	New ABC 13 9370, 13.3, 5th Gen CoreA5-8250U, 8GB RAM, 256GB SSD, power UHD Graphics, OS 10 Home, OS Office A & J 2016	6	3	4	393	Preston Brakus	1876
622	Lisp	655	47	Ergonomic executive chair upholstered in bonded black leather and PVC padded seat and back for all-day comfort and support	19	3	3	893	Sylvia Brown	1947
623	Ubuntu	1478	53	Boston's most advanced compression wear technology increases muscle oxygenation, stabilizes active muscles	5	3	1	9457	Heidi Bernier	1913
625	Minitest	1295	98	New range of formal shirts are designed keeping you in mind. With fits and styling that will make you stand apart	21	3	1	8689	Danielle Champlin	1988
626	Heroku	495	53	The Nagasaki Lander is the trademarked name of several series of Nagasaki sport bikes, that started with the 1984 ABC800J	17	3	5	2286	Kristen Rath	1971
627	AIM	889	62	The slim & simple Maple Gaming Keyboard from Dev Byte comes with a sleek body and 7- Color RGB LED Back-lighting for smart functionality	16	3	2	8590	Michelle Gutkowski	1909
628	Backbone	991	100	The Nagasaki Lander is the trademarked name of several series of Nagasaki sport bikes, that started with the 1984 ABC800J	13	3	3	2784	Miguel Greenfelder	1984
630	GitHub	1623	27	The Football Is Good For Training And Recreational Purposes	7	3	4	5029	Rufus Lowe	1952
631	SES	805	61	New ABC 13 9370, 13.3, 5th Gen CoreA5-8250U, 8GB RAM, 256GB SSD, power UHD Graphics, OS 10 Home, OS Office A & J 2016	21	3	1	7850	Clinton Beatty	1949
632	Nokogiri	553	43	Carbonite web goalkeeper gloves are ergonomically designed to give easy fit	11	3	2	391	Yvonne Kunde III	1981
633	Opera	1826	8	Andy shoes are designed to keeping in mind durability as well as trends, the most stylish range of shoes & sandals	22	3	1	6181	Nettie Thompson	1942
634	Rack	568	9	New ABC 13 9370, 13.3, 5th Gen CoreA5-8250U, 8GB RAM, 256GB SSD, power UHD Graphics, OS 10 Home, OS Office A & J 2016	14	3	5	8581	Courtney Franecki	1960
635	IRB	1139	25	The slim & simple Maple Gaming Keyboard from Dev Byte comes with a sleek body and 7- Color RGB LED Back-lighting for smart functionality	5	3	3	8739	Kay Keebler	1952
636	Javascript	1447	11	The Football Is Good For Training And Recreational Purposes	23	3	2	4243	Bill Johnston	2005
637	GitHub	417	92	New range of formal shirts are designed keeping you in mind. With fits and styling that will make you stand apart	8	3	4	5222	Mrs. Ryan Lueilwitz	1896
638	MarkDown	535	84	The Football Is Good For Training And Recreational Purposes	12	3	5	6114	Byron Hilpert	1942
639	HTML5	1296	58	The Nagasaki Lander is the trademarked name of several series of Nagasaki sport bikes, that started with the 1984 ABC800J	13	3	3	1204	Roberta Beier	2000
640	AppStream	1052	59	New ABC 13 9370, 13.3, 5th Gen CoreA5-8250U, 8GB RAM, 256GB SSD, power UHD Graphics, OS 10 Home, OS Office A & J 2016	16	3	4	7638	Sara Hartmann	1868
642	LeapMotion	315	26	Boston's most advanced compression wear technology increases muscle oxygenation, stabilizes active muscles	14	3	1	1109	Holly Will DVM	1921
643	CloudSearch	665	10	New ABC 13 9370, 13.3, 5th Gen CoreA5-8250U, 8GB RAM, 256GB SSD, power UHD Graphics, OS 10 Home, OS Office A & J 2016	18	3	2	1833	Ms. Darla Funk	2003
644	Rack	271	82	New range of formal shirts are designed keeping you in mind. With fits and styling that will make you stand apart	22	3	1	4231	Mable Greenfelder	1924
645	Kickstarter	402	34	The Apollotech B340 is an affordable wireless mouse with reliable connectivity, 12 months battery life and modern design	21	3	3	6516	Dana Spencer	1998
646	Bower	224	59	Andy shoes are designed to keeping in mind durability as well as trends, the most stylish range of shoes & sandals	25	3	2	9416	Everett Reynolds	1860
647	React	1852	58	The beautiful range of Apple Naturalé that has an exciting mix of natural ingredients. With the Goodness of 100% Natural Ingredients	15	3	5	9098	Inez Bogisich	1949
414	It's a Wonderful Life (1946)	602	49	The automobile layout consists of a front-engine design, with transaxle-type transmissions mounted at the rear of the engine and four wheel drive	12	2	1	71	Essie Powlowski	1912
418	My Fair Lady (1964)	1018	73	New range of formal shirts are designed keeping you in mind. With fits and styling that will make you stand apart	25	2	1	2173	Hector Reichert	1940
422	Gladiator (2000)	1996	23	New ABC 13 9370, 13.3, 5th Gen CoreA5-8250U, 8GB RAM, 256GB SSD, power UHD Graphics, OS 10 Home, OS Office A & J 2016	12	2	1	990	Herbert Dickens	1996
429	The Mummy (1999)	610	84	The slim & simple Maple Gaming Keyboard from Dev Byte comes with a sleek body and 7- Color RGB LED Back-lighting for smart functionality	16	2	1	9922	Shane Grady	1905
433	La La Land (2016)	167	68	New range of formal shirts are designed keeping you in mind. With fits and styling that will make you stand apart	16	2	1	760	Harvey Green	1905
436	Good Will Hunting (1997)	1757	28	The beautiful range of Apple Naturalé that has an exciting mix of natural ingredients. With the Goodness of 100% Natural Ingredients	24	2	1	598	Wilson Mitchell	1933
437	Caddyshack (1980)	1053	87	Carbonite web goalkeeper gloves are ergonomically designed to give easy fit	24	2	1	3603	Alejandro Cormier	2008
453	Black Swan (2010)	1879	30	The Football Is Good For Training And Recreational Purposes	17	2	1	3325	Ms. Georgia Carter	1912
455	Phantom Thread (2017)	948	13	New range of formal shirts are designed keeping you in mind. With fits and styling that will make you stand apart	17	2	1	431	Todd Jenkins	1991
459	Dunkirk (2017)	1008	49	The Football Is Good For Training And Recreational Purposes	11	2	1	3064	Muriel Daniel	1967
471	Capote (2005)	779	41	Ergonomic executive chair upholstered in bonded black leather and PVC padded seat and back for all-day comfort and support	9	2	1	4488	Claudia Ebert	1982
476	Moulin Rouge! (2001)	1049	87	The Nagasaki Lander is the trademarked name of several series of Nagasaki sport bikes, that started with the 1984 ABC800J	8	2	1	866	Monique Walker	1850
479	The Good, the Bad and the Ugly (1966)	690	50	New ABC 13 9370, 13.3, 5th Gen CoreA5-8250U, 8GB RAM, 256GB SSD, power UHD Graphics, OS 10 Home, OS Office A & J 2016	15	2	1	3097	Kayla Nitzsche	1868
491	The English Patient (1996)	1788	15	The beautiful range of Apple Naturalé that has an exciting mix of natural ingredients. With the Goodness of 100% Natural Ingredients	20	2	1	5599	Yvette Berge	1928
496	Singin' in the Rain (1952)	156	21	New ABC 13 9370, 13.3, 5th Gen CoreA5-8250U, 8GB RAM, 256GB SSD, power UHD Graphics, OS 10 Home, OS Office A & J 2016	16	2	1	7837	Kristie Prohaska	1948
498	Chinatown (1974)	111	82	New range of formal shirts are designed keeping you in mind. With fits and styling that will make you stand apart	21	2	1	6352	April Jenkins	1971
500	Terminator 2 (1991)	1839	87	The beautiful range of Apple Naturalé that has an exciting mix of natural ingredients. With the Goodness of 100% Natural Ingredients	13	2	1	4583	Eileen Kreiger	1912
503	Crouching Tiger, Hidden Dragon (2000)	752	98	The Nagasaki Lander is the trademarked name of several series of Nagasaki sport bikes, that started with the 1984 ABC800J	20	2	1	3667	Mattie Corwin V	1944
508	One Flew Over The Cuckoo's Nest (1975)	1671	95	The Apollotech B340 is an affordable wireless mouse with reliable connectivity, 12 months battery life and modern design	6	2	1	1981	Caleb Mann	1915
384	Wunsch Lodge	979	30	Boston's most advanced compression wear technology increases muscle oxygenation, stabilizes active muscles	14	1	1	1529	Beth Mosciski	1987
386	Fabiola Walks	565	44	The beautiful range of Apple Naturalé that has an exciting mix of natural ingredients. With the Goodness of 100% Natural Ingredients	11	1	1	6995	Bethany Little	1933
396	Novella Stravenue	1117	69	The Football Is Good For Training And Recreational Purposes	14	1	1	8204	Harriet Roob	1971
397	Purdy Valley	540	43	The Apollotech B340 is an affordable wireless mouse with reliable connectivity, 12 months battery life and modern design	22	1	1	3031	Clark Turner	1993
402	Beulah Forges	1981	11	The slim & simple Maple Gaming Keyboard from Dev Byte comes with a sleek body and 7- Color RGB LED Back-lighting for smart functionality	10	1	1	8273	Dr. Laurence Schmeler	2017
405	Justina Loaf	1318	25	The automobile layout consists of a front-engine design, with transaxle-type transmissions mounted at the rear of the engine and four wheel drive	13	1	1	8005	Wendell Mraz	1943
408	Sedrick Unions	1320	54	Boston's most advanced compression wear technology increases muscle oxygenation, stabilizes active muscles	11	1	1	8583	Clyde Barrows	1977
521	Liquid funk	888	50	The automobile layout consists of a front-engine design, with transaxle-type transmissions mounted at the rear of the engine and four wheel drive	17	2	1	3445	Taylor Larkin	1950
522	Technical death metal	1085	60	The Nagasaki Lander is the trademarked name of several series of Nagasaki sport bikes, that started with the 1984 ABC800J	7	2	1	5405	Abraham Prosacco	1907
533	Havarti	1839	61	The slim & simple Maple Gaming Keyboard from Dev Byte comes with a sleek body and 7- Color RGB LED Back-lighting for smart functionality	20	1	1	8675	Phillip Larson	1973
535	Västerbottensost	508	70	Ergonomic executive chair upholstered in bonded black leather and PVC padded seat and back for all-day comfort and support	17	1	1	5336	Morris Wolf	1966
550	Rust	156	27	The slim & simple Maple Gaming Keyboard from Dev Byte comes with a sleek body and 7- Color RGB LED Back-lighting for smart functionality	8	3	1	575	Carlton Hoppe V	1873
563	CodeDeploy	1635	63	Carbonite web goalkeeper gloves are ergonomically designed to give easy fit	8	3	1	565	Rosalie Volkman	1921
566	Silverlight	1960	39	The automobile layout consists of a front-engine design, with transaxle-type transmissions mounted at the rear of the engine and four wheel drive	7	3	1	5361	Bertha Dach	1910
571	SES	1207	93	The slim & simple Maple Gaming Keyboard from Dev Byte comes with a sleek body and 7- Color RGB LED Back-lighting for smart functionality	25	3	1	4994	Warren Hickle PhD	1907
572	MariaDB	598	56	The Football Is Good For Training And Recreational Purposes	16	3	1	2012	Lynne Crooks	1967
575	Lyft	1852	88	The slim & simple Maple Gaming Keyboard from Dev Byte comes with a sleek body and 7- Color RGB LED Back-lighting for smart functionality	22	3	1	7317	Miss Darnell Reinger	2018
578	ASPnet	150	55	The Football Is Good For Training And Recreational Purposes	20	3	1	7723	Ms. Clyde Osinski	1903
582	ActionScript	423	21	The Apollotech B340 is an affordable wireless mouse with reliable connectivity, 12 months battery life and modern design	18	3	1	4139	Freddie Lowe	2003
584	Sqlite	1153	34	Andy shoes are designed to keeping in mind durability as well as trends, the most stylish range of shoes & sandals	12	3	1	5688	Mr. Preston Bartell	1916
586	Nginx	245	15	The Apollotech B340 is an affordable wireless mouse with reliable connectivity, 12 months battery life and modern design	24	3	1	5003	Perry Purdy	1882
603	GNUlinux	1727	52	The Nagasaki Lander is the trademarked name of several series of Nagasaki sport bikes, that started with the 1984 ABC800J	18	3	1	8968	Michelle Walter	1926
616	Quora	273	73	Boston's most advanced compression wear technology increases muscle oxygenation, stabilizes active muscles	8	3	1	6586	Dr. Janet Homenick	1947
617	Lyft	443	16	Andy shoes are designed to keeping in mind durability as well as trends, the most stylish range of shoes & sandals	10	3	1	9581	Enrique Hane	1884
619	Sqlite	937	68	The Nagasaki Lander is the trademarked name of several series of Nagasaki sport bikes, that started with the 1984 ABC800J	18	3	1	3646	Casey Mayert	1935
624	ActionScript	1395	10	The beautiful range of Apple Naturalé that has an exciting mix of natural ingredients. With the Goodness of 100% Natural Ingredients	9	3	1	4794	Mildred Doyle	1975
629	Unicorn	1216	34	Boston's most advanced compression wear technology increases muscle oxygenation, stabilizes active muscles	20	3	1	5716	Erika Swift	1944
641	Unicorn	1488	93	The Football Is Good For Training And Recreational Purposes	8	3	1	688	Charlotte Yost	1888
648	ipod charger	1806	2	The automobile layout consists of a front-engine design, with transaxle-type transmissions mounted at the rear of the engine and four wheel drive	25	4	0	380	Jesse Johnson	1971
649	nail clippers	436	65	The Nagasaki Lander is the trademarked name of several series of Nagasaki sport bikes, that started with the 1984 ABC800J	8	4	4	9560	Benny Kovacek	1888
650	sketch pad	1982	56	Andy shoes are designed to keeping in mind durability as well as trends, the most stylish range of shoes & sandals	24	4	5	209	Katherine Bayer	2016
651	CD	1212	5	Carbonite web goalkeeper gloves are ergonomically designed to give easy fit	20	4	2	1943	Lisa Runolfsson	1873
652	tweezers	346	69	Boston's most advanced compression wear technology increases muscle oxygenation, stabilizes active muscles	5	4	2	7761	Samantha Romaguera	1924
653	squirrel	8	38	New range of formal shirts are designed keeping you in mind. With fits and styling that will make you stand apart	18	4	1	4368	Dallas Dibbert	1971
654	thread	1673	17	New range of formal shirts are designed keeping you in mind. With fits and styling that will make you stand apart	17	4	4	986	Ramona Crist	2007
655	pencil	608	53	The Football Is Good For Training And Recreational Purposes	21	4	5	8306	Tyrone Halvorson	2020
656	sailboat	81	70	Ergonomic executive chair upholstered in bonded black leather and PVC padded seat and back for all-day comfort and support	18	4	2	614	Joe Conroy	1865
657	container of pudding	1644	77	The slim & simple Maple Gaming Keyboard from Dev Byte comes with a sleek body and 7- Color RGB LED Back-lighting for smart functionality	22	4	4	2802	Janet Schimmel	2017
658	dove	562	18	Carbonite web goalkeeper gloves are ergonomically designed to give easy fit	13	4	5	4299	Shannon Mosciski	1993
659	toothpick	43	92	New range of formal shirts are designed keeping you in mind. With fits and styling that will make you stand apart	14	4	4	1905	Felix Rice	1895
660	street lights	399	43	The Nagasaki Lander is the trademarked name of several series of Nagasaki sport bikes, that started with the 1984 ABC800J	10	4	4	4294	Antonia Gutkowski	1951
661	pool stick	1292	3	Ergonomic executive chair upholstered in bonded black leather and PVC padded seat and back for all-day comfort and support	18	4	3	8723	Sam Bartoletti	2010
662	game cartridge	563	95	The Football Is Good For Training And Recreational Purposes	13	4	3	1408	Ricardo Ebert PhD	1900
663	bottle of oil	1777	55	The Apollotech B340 is an affordable wireless mouse with reliable connectivity, 12 months battery life and modern design	20	4	2	9436	Ismael Morissette DDS	1996
664	milk	1459	64	The Apollotech B340 is an affordable wireless mouse with reliable connectivity, 12 months battery life and modern design	25	4	1	8262	Ted Johnston	1896
665	kitchen knife	1868	16	The automobile layout consists of a front-engine design, with transaxle-type transmissions mounted at the rear of the engine and four wheel drive	13	4	4	5992	Dwight Beahan	1933
666	chain	781	29	Ergonomic executive chair upholstered in bonded black leather and PVC padded seat and back for all-day comfort and support	24	4	4	3985	Kelli McCullough	1872
667	toilet paper tube	1195	27	New range of formal shirts are designed keeping you in mind. With fits and styling that will make you stand apart	15	4	3	8031	Megan Hessel III	1991
668	key chain	1191	18	Andy shoes are designed to keeping in mind durability as well as trends, the most stylish range of shoes & sandals	14	4	4	7635	Eleanor Kunde	1913
669	canteen	384	9	New ABC 13 9370, 13.3, 5th Gen CoreA5-8250U, 8GB RAM, 256GB SSD, power UHD Graphics, OS 10 Home, OS Office A & J 2016	22	4	3	4049	Diana Hackett	1874
670	snail shell	502	73	The automobile layout consists of a front-engine design, with transaxle-type transmissions mounted at the rear of the engine and four wheel drive	9	4	0	1800	Irene Prohaska MD	1984
671	fork	197	82	The Nagasaki Lander is the trademarked name of several series of Nagasaki sport bikes, that started with the 1984 ABC800J	15	4	4	9208	Lionel Gutmann	1956
672	spoon	823	55	The Football Is Good For Training And Recreational Purposes	10	4	3	6493	Tomas Marks	1959
673	banana	656	7	Carbonite web goalkeeper gloves are ergonomically designed to give easy fit	14	4	1	4026	Ms. Kristi Sporer	1911
674	plush dog	398	9	Boston's most advanced compression wear technology increases muscle oxygenation, stabilizes active muscles	23	4	2	6237	Nadine Lynch	1908
675	check book	1604	50	New ABC 13 9370, 13.3, 5th Gen CoreA5-8250U, 8GB RAM, 256GB SSD, power UHD Graphics, OS 10 Home, OS Office A & J 2016	18	4	3	1552	Pete Kris	1935
676	roll of stickers	1799	94	The Apollotech B340 is an affordable wireless mouse with reliable connectivity, 12 months battery life and modern design	15	4	3	429	Miss Dean Davis	1895
677	tiger	734	63	Carbonite web goalkeeper gloves are ergonomically designed to give easy fit	22	4	1	1497	Anna Rempel	2018
678	spring	1042	70	Boston's most advanced compression wear technology increases muscle oxygenation, stabilizes active muscles	10	4	2	5060	Terence Graham	1891
679	dolphin	573	8	The beautiful range of Apple Naturalé that has an exciting mix of natural ingredients. With the Goodness of 100% Natural Ingredients	21	4	5	6865	Jody Bosco	1969
680	radio	1217	73	New range of formal shirts are designed keeping you in mind. With fits and styling that will make you stand apart	8	4	2	2502	Vicky Thompson	1976
681	couch	1081	97	The slim & simple Maple Gaming Keyboard from Dev Byte comes with a sleek body and 7- Color RGB LED Back-lighting for smart functionality	14	4	5	5520	Helen Boyer	1873
682	white out	1514	4	The slim & simple Maple Gaming Keyboard from Dev Byte comes with a sleek body and 7- Color RGB LED Back-lighting for smart functionality	14	4	0	9673	Benny Shanahan	2012
683	tennis racket	1493	51	The Football Is Good For Training And Recreational Purposes	15	4	2	9939	Shane Herzog DDS	1895
684	feather	1139	4	Andy shoes are designed to keeping in mind durability as well as trends, the most stylish range of shoes & sandals	17	4	2	6388	Jerry Feest	1970
685	package of crisp and crunchy edibles	312	75	The beautiful range of Apple Naturalé that has an exciting mix of natural ingredients. With the Goodness of 100% Natural Ingredients	20	4	0	4146	Ray Boyer	1941
686	book of jokes	57	1	New range of formal shirts are designed keeping you in mind. With fits and styling that will make you stand apart	14	4	3	7085	Miss Raymond Carroll	1977
687	comb	585	3	The beautiful range of Apple Naturalé that has an exciting mix of natural ingredients. With the Goodness of 100% Natural Ingredients	13	4	1	4153	Alex Herzog	1905
688	bottle	1427	70	The slim & simple Maple Gaming Keyboard from Dev Byte comes with a sleek body and 7- Color RGB LED Back-lighting for smart functionality	21	4	1	2099	Blanca Hauck	1979
689	few batteries	1461	69	Andy shoes are designed to keeping in mind durability as well as trends, the most stylish range of shoes & sandals	7	4	0	177	Austin Grimes	2017
690	cookie jar	478	74	Carbonite web goalkeeper gloves are ergonomically designed to give easy fit	19	4	0	6241	Yolanda Stokes PhD	2015
691	cell phone	831	63	The slim & simple Maple Gaming Keyboard from Dev Byte comes with a sleek body and 7- Color RGB LED Back-lighting for smart functionality	11	4	5	3126	Edmond Dickinson DVM	1998
692	scarf	658	68	The slim & simple Maple Gaming Keyboard from Dev Byte comes with a sleek body and 7- Color RGB LED Back-lighting for smart functionality	20	4	2	1320	Ronald Reichert	1951
693	apple	1238	13	The Apollotech B340 is an affordable wireless mouse with reliable connectivity, 12 months battery life and modern design	15	4	5	8410	Ms. Paula Schmeler	1964
694	panda	1442	83	The automobile layout consists of a front-engine design, with transaxle-type transmissions mounted at the rear of the engine and four wheel drive	14	4	5	6527	Jana Jakubowski	2008
695	coffee mug	1222	33	The Nagasaki Lander is the trademarked name of several series of Nagasaki sport bikes, that started with the 1984 ABC800J	13	4	0	233	Miss Tim Brekke	1941
696	craft book	1988	16	Ergonomic executive chair upholstered in bonded black leather and PVC padded seat and back for all-day comfort and support	12	4	3	4707	Lloyd Hills	2008
697	chocolate	1319	57	Boston's most advanced compression wear technology increases muscle oxygenation, stabilizes active muscles	11	4	2	2597	Roosevelt Bergstrom V	1924
698	hand bag	1236	99	Boston's most advanced compression wear technology increases muscle oxygenation, stabilizes active muscles	11	4	5	3453	Byron Runte	1958
699	pair of scissors	1599	77	Carbonite web goalkeeper gloves are ergonomically designed to give easy fit	18	4	2	94	Dr. Kristin Ernser	1905
700	novel	1143	89	New range of formal shirts are designed keeping you in mind. With fits and styling that will make you stand apart	5	4	1	9211	Mindy Predovic	2018
701	clock	1916	44	The slim & simple Maple Gaming Keyboard from Dev Byte comes with a sleek body and 7- Color RGB LED Back-lighting for smart functionality	5	4	0	8921	Doug Strosin	1907
702	can of whipped cream	954	36	Carbonite web goalkeeper gloves are ergonomically designed to give easy fit	22	4	4	2357	Leland Maggio	1959
703	spectacles	135	98	Boston's most advanced compression wear technology increases muscle oxygenation, stabilizes active muscles	23	4	5	5828	Ms. Clinton Lang	1963
704	bottle of paint	403	89	The Football Is Good For Training And Recreational Purposes	18	4	2	6574	Miss Edgar Veum	2015
705	bandana	552	98	The Apollotech B340 is an affordable wireless mouse with reliable connectivity, 12 months battery life and modern design	19	4	2	9571	Latoya Gutkowski I	1907
706	bananas	1125	30	Boston's most advanced compression wear technology increases muscle oxygenation, stabilizes active muscles	12	4	3	3206	Velma Schiller	1945
707	lighter	1433	67	Ergonomic executive chair upholstered in bonded black leather and PVC padded seat and back for all-day comfort and support	9	4	2	693	Hannah Homenick	1901
708	bottle of honey	1155	81	The Nagasaki Lander is the trademarked name of several series of Nagasaki sport bikes, that started with the 1984 ABC800J	18	4	3	2135	Wilbur Christiansen	1888
709	phone	81	57	Carbonite web goalkeeper gloves are ergonomically designed to give easy fit	8	4	0	3254	Erik King	1859
710	marble	667	58	Ergonomic executive chair upholstered in bonded black leather and PVC padded seat and back for all-day comfort and support	17	4	4	3089	Marilyn Corkery II	1926
711	chocolate	1321	2	New ABC 13 9370, 13.3, 5th Gen CoreA5-8250U, 8GB RAM, 256GB SSD, power UHD Graphics, OS 10 Home, OS Office A & J 2016	12	4	0	7527	Kristie Welch	1921
712	bow	1555	48	The beautiful range of Apple Naturalé that has an exciting mix of natural ingredients. With the Goodness of 100% Natural Ingredients	16	4	3	5020	Angelica Runte	1903
713	water bottle	283	16	The slim & simple Maple Gaming Keyboard from Dev Byte comes with a sleek body and 7- Color RGB LED Back-lighting for smart functionality	16	4	3	5949	Chris Yundt	1863
714	chain	835	94	Andy shoes are designed to keeping in mind durability as well as trends, the most stylish range of shoes & sandals	7	4	2	399	Salvador Leuschke	1967
715	grid paper	1247	23	Boston's most advanced compression wear technology increases muscle oxygenation, stabilizes active muscles	12	4	0	5595	Colleen Olson Jr.	1954
716	grid paper	605	28	Boston's most advanced compression wear technology increases muscle oxygenation, stabilizes active muscles	25	4	3	8769	Gordon Denesik	1912
717	bottle of glue	1210	90	The Nagasaki Lander is the trademarked name of several series of Nagasaki sport bikes, that started with the 1984 ABC800J	7	4	0	7432	Julie Bahringer	1933
718	bookmark	124	75	New ABC 13 9370, 13.3, 5th Gen CoreA5-8250U, 8GB RAM, 256GB SSD, power UHD Graphics, OS 10 Home, OS Office A & J 2016	25	4	3	1814	Hugo Lebsack	1960
719	toy boat	1268	2	The beautiful range of Apple Naturalé that has an exciting mix of natural ingredients. With the Goodness of 100% Natural Ingredients	20	4	1	8323	Joyce Smith	1878
720	plush bear	1765	17	The beautiful range of Apple Naturalé that has an exciting mix of natural ingredients. With the Goodness of 100% Natural Ingredients	21	4	0	4039	Simon Lowe	1930
721	slipper	1160	78	The Apollotech B340 is an affordable wireless mouse with reliable connectivity, 12 months battery life and modern design	5	4	1	8597	Bonnie Carter	1900
722	tomato	998	95	Carbonite web goalkeeper gloves are ergonomically designed to give easy fit	17	4	3	1775	Joy Farrell	1918
723	sofa	1483	62	The slim & simple Maple Gaming Keyboard from Dev Byte comes with a sleek body and 7- Color RGB LED Back-lighting for smart functionality	18	4	4	2064	Jo Cormier	1986
724	table	604	13	The Nagasaki Lander is the trademarked name of several series of Nagasaki sport bikes, that started with the 1984 ABC800J	21	4	4	552	Marty Herman	1877
725	candle	289	44	New ABC 13 9370, 13.3, 5th Gen CoreA5-8250U, 8GB RAM, 256GB SSD, power UHD Graphics, OS 10 Home, OS Office A & J 2016	6	4	3	2420	Rudy Stoltenberg	1953
726	bottle of syrup	26	62	The Football Is Good For Training And Recreational Purposes	7	4	5	2096	Kurt Reinger	1881
727	remote	1981	80	The Nagasaki Lander is the trademarked name of several series of Nagasaki sport bikes, that started with the 1984 ABC800J	20	4	4	893	Domingo Vandervort	1893
728	matchbook	1875	26	The slim & simple Maple Gaming Keyboard from Dev Byte comes with a sleek body and 7- Color RGB LED Back-lighting for smart functionality	7	4	0	8727	Hattie Rogahn	1850
729	pair of safety goggles	1251	93	Ergonomic executive chair upholstered in bonded black leather and PVC padded seat and back for all-day comfort and support	11	4	3	495	Stacey Schmeler	1971
730	ladle	323	45	The beautiful range of Apple Naturalé that has an exciting mix of natural ingredients. With the Goodness of 100% Natural Ingredients	23	4	4	6518	Antoinette Quitzon	1878
731	pencil	1176	11	The slim & simple Maple Gaming Keyboard from Dev Byte comes with a sleek body and 7- Color RGB LED Back-lighting for smart functionality	24	4	4	1747	Florence Bode	1985
732	wedding ring	1493	9	Carbonite web goalkeeper gloves are ergonomically designed to give easy fit	20	4	4	1056	Muriel Schamberger	1990
733	plastic fork	776	7	The beautiful range of Apple Naturalé that has an exciting mix of natural ingredients. With the Goodness of 100% Natural Ingredients	18	4	0	208	Mr. Suzanne Keeling	1883
734	carrots	403	53	New range of formal shirts are designed keeping you in mind. With fits and styling that will make you stand apart	13	4	2	2826	Wendell Torp	2011
735	bed	774	67	The slim & simple Maple Gaming Keyboard from Dev Byte comes with a sleek body and 7- Color RGB LED Back-lighting for smart functionality	11	4	0	3426	Janet Kilback	1967
736	rock	63	39	Ergonomic executive chair upholstered in bonded black leather and PVC padded seat and back for all-day comfort and support	21	4	1	7263	Johnny Little	1874
737	game cartridge	1259	70	Carbonite web goalkeeper gloves are ergonomically designed to give easy fit	25	4	4	3115	Sergio Bahringer	2004
738	rope	1474	53	The beautiful range of Apple Naturalé that has an exciting mix of natural ingredients. With the Goodness of 100% Natural Ingredients	8	4	4	4157	Jeremiah Bode	1877
739	box of chocolates	1444	50	Carbonite web goalkeeper gloves are ergonomically designed to give easy fit	21	4	2	3269	Ms. Laura Conroy	1880
740	CD	374	53	The Apollotech B340 is an affordable wireless mouse with reliable connectivity, 12 months battery life and modern design	7	4	5	4302	Jody McDermott PhD	1872
741	thimble	969	29	The beautiful range of Apple Naturalé that has an exciting mix of natural ingredients. With the Goodness of 100% Natural Ingredients	9	4	1	8608	Ronald Hettinger	1919
742	bottle of pills	121	9	The Nagasaki Lander is the trademarked name of several series of Nagasaki sport bikes, that started with the 1984 ABC800J	23	4	1	856	Salvador Johnston	1862
743	straw	1707	65	The Nagasaki Lander is the trademarked name of several series of Nagasaki sport bikes, that started with the 1984 ABC800J	17	4	3	1886	Minnie Murphy	1957
744	clothes pin	235	52	The Football Is Good For Training And Recreational Purposes	11	4	3	3551	Willie Boyer	1920
745	tea pot	1934	66	Andy shoes are designed to keeping in mind durability as well as trends, the most stylish range of shoes & sandals	14	4	3	8210	Terry Prosacco	1946
746	fish	1475	48	Ergonomic executive chair upholstered in bonded black leather and PVC padded seat and back for all-day comfort and support	25	4	3	220	Mable Luettgen Sr.	1883
747	milk	547	28	The Football Is Good For Training And Recreational Purposes	10	4	4	4863	Harry Glover	1979
748	piece of gum	1444	18	The Apollotech B340 is an affordable wireless mouse with reliable connectivity, 12 months battery life and modern design	23	5	2	9654	Michelle Prosacco	1866
749	washcloth	853	41	The Nagasaki Lander is the trademarked name of several series of Nagasaki sport bikes, that started with the 1984 ABC800J	24	5	2	4829	Isaac Hudson	2000
750	pen	116	51	Ergonomic executive chair upholstered in bonded black leather and PVC padded seat and back for all-day comfort and support	13	5	1	5908	Marjorie Ratke	1879
751	incense holder	800	68	The slim & simple Maple Gaming Keyboard from Dev Byte comes with a sleek body and 7- Color RGB LED Back-lighting for smart functionality	6	5	4	7400	Dominic Mayer	1885
752	seat belt	1944	47	Andy shoes are designed to keeping in mind durability as well as trends, the most stylish range of shoes & sandals	6	5	1	1895	Erma Swift	1913
753	bangle bracelet	1690	23	The Nagasaki Lander is the trademarked name of several series of Nagasaki sport bikes, that started with the 1984 ABC800J	20	5	1	4007	Dr. Arturo Leannon	2000
754	shirt	619	73	The Football Is Good For Training And Recreational Purposes	6	5	0	4476	Santiago Walter	1944
755	whistle	727	89	The automobile layout consists of a front-engine design, with transaxle-type transmissions mounted at the rear of the engine and four wheel drive	21	5	1	9518	Kurt Wolf	1967
756	squirt gun	1482	29	New range of formal shirts are designed keeping you in mind. With fits and styling that will make you stand apart	6	5	3	1213	Leigh Braun	1853
757	spatula	1620	16	Carbonite web goalkeeper gloves are ergonomically designed to give easy fit	15	5	2	5372	Terence Reichert	1894
758	cellphone	62	38	Boston's most advanced compression wear technology increases muscle oxygenation, stabilizes active muscles	18	5	5	1502	Felipe Reilly	1937
759	button	520	53	Boston's most advanced compression wear technology increases muscle oxygenation, stabilizes active muscles	12	5	4	4813	Nina O'Keefe	1938
760	wishbone	1509	96	The Nagasaki Lander is the trademarked name of several series of Nagasaki sport bikes, that started with the 1984 ABC800J	21	5	5	9179	Stuart Weimann	1852
761	bottle of glue	1864	53	Boston's most advanced compression wear technology increases muscle oxygenation, stabilizes active muscles	15	5	4	5958	Betty Crist	1934
762	incense holder	255	96	The beautiful range of Apple Naturalé that has an exciting mix of natural ingredients. With the Goodness of 100% Natural Ingredients	19	5	5	3072	Jeanette Carter III	1951
763	can of peas	94	90	The Apollotech B340 is an affordable wireless mouse with reliable connectivity, 12 months battery life and modern design	21	5	4	431	Timmy Wiegand	2005
764	needle	1188	74	The beautiful range of Apple Naturalé that has an exciting mix of natural ingredients. With the Goodness of 100% Natural Ingredients	10	5	4	3485	Walter Runolfsson	1960
765	catalogue	816	83	The slim & simple Maple Gaming Keyboard from Dev Byte comes with a sleek body and 7- Color RGB LED Back-lighting for smart functionality	7	5	3	7968	Antonio Mann	1972
766	squirt gun	143	25	Boston's most advanced compression wear technology increases muscle oxygenation, stabilizes active muscles	15	5	0	9314	Becky Pfannerstill	1907
767	cookie tin	506	31	Ergonomic executive chair upholstered in bonded black leather and PVC padded seat and back for all-day comfort and support	8	5	3	8279	Harriet Cassin	1953
768	vase	920	83	New range of formal shirts are designed keeping you in mind. With fits and styling that will make you stand apart	19	5	3	4863	Terence Watsica	1859
769	rubber band	1981	54	Andy shoes are designed to keeping in mind durability as well as trends, the most stylish range of shoes & sandals	15	5	2	1656	Pam Jacobson	1874
770	check book	238	73	The Apollotech B340 is an affordable wireless mouse with reliable connectivity, 12 months battery life and modern design	9	5	3	4031	Ashley Considine	1931
771	shark	1376	50	New range of formal shirts are designed keeping you in mind. With fits and styling that will make you stand apart	13	5	3	1881	Wilma Lindgren	1897
772	seat belt	1211	89	Ergonomic executive chair upholstered in bonded black leather and PVC padded seat and back for all-day comfort and support	14	5	1	4534	Dr. Darren Reynolds	1984
773	wrench	1726	51	New ABC 13 9370, 13.3, 5th Gen CoreA5-8250U, 8GB RAM, 256GB SSD, power UHD Graphics, OS 10 Home, OS Office A & J 2016	11	5	0	7834	Moses Kunze	1926
774	roll of gauze	1718	62	The Football Is Good For Training And Recreational Purposes	9	5	3	4216	Tracy Breitenberg	1995
775	rope	621	2	Ergonomic executive chair upholstered in bonded black leather and PVC padded seat and back for all-day comfort and support	10	5	2	8605	Celia MacGyver	1975
776	dagger	1503	91	Boston's most advanced compression wear technology increases muscle oxygenation, stabilizes active muscles	18	5	2	632	Emma Bernhard	1954
777	mirror	42	10	The beautiful range of Apple Naturalé that has an exciting mix of natural ingredients. With the Goodness of 100% Natural Ingredients	23	5	3	6967	Vernon Rau	1852
778	incense holder	661	70	The slim & simple Maple Gaming Keyboard from Dev Byte comes with a sleek body and 7- Color RGB LED Back-lighting for smart functionality	22	5	4	2050	Dominic Davis	1898
779	word search	1302	83	Boston's most advanced compression wear technology increases muscle oxygenation, stabilizes active muscles	24	5	5	6371	Miss Stanley Schmitt	1855
780	pen	269	41	The Football Is Good For Training And Recreational Purposes	15	5	0	266	Russell Dare	1873
781	watch	1641	44	New ABC 13 9370, 13.3, 5th Gen CoreA5-8250U, 8GB RAM, 256GB SSD, power UHD Graphics, OS 10 Home, OS Office A & J 2016	25	5	1	3465	Tiffany Crist IV	1931
782	television	131	43	Boston's most advanced compression wear technology increases muscle oxygenation, stabilizes active muscles	14	5	3	8506	Joanna Emard	1889
783	dolphin	611	49	The Nagasaki Lander is the trademarked name of several series of Nagasaki sport bikes, that started with the 1984 ABC800J	16	5	2	2408	Jody Ferry	1991
784	pair of tongs	1441	57	Carbonite web goalkeeper gloves are ergonomically designed to give easy fit	14	5	0	2939	Jake Langosh	1965
785	pair of socks	1787	13	The automobile layout consists of a front-engine design, with transaxle-type transmissions mounted at the rear of the engine and four wheel drive	23	5	1	3747	Erin Boyle	1880
786	bangle bracelet	1444	40	Ergonomic executive chair upholstered in bonded black leather and PVC padded seat and back for all-day comfort and support	25	5	3	1224	Ms. Emanuel O'Connell	1958
787	tooth pick	991	70	Andy shoes are designed to keeping in mind durability as well as trends, the most stylish range of shoes & sandals	17	5	1	8005	Dr. Ira Leuschke	1951
788	canteen	1905	21	The Apollotech B340 is an affordable wireless mouse with reliable connectivity, 12 months battery life and modern design	13	5	3	2449	Earl Abshire	1983
789	toy soldier	1551	73	The Nagasaki Lander is the trademarked name of several series of Nagasaki sport bikes, that started with the 1984 ABC800J	6	5	4	3607	Arthur Luettgen	1989
790	paperclip	576	23	The beautiful range of Apple Naturalé that has an exciting mix of natural ingredients. With the Goodness of 100% Natural Ingredients	8	5	2	8966	Francisco Fisher	1970
791	toe ring	546	4	Ergonomic executive chair upholstered in bonded black leather and PVC padded seat and back for all-day comfort and support	22	5	2	6945	Mabel Prohaska	1932
792	stick	1374	31	The beautiful range of Apple Naturalé that has an exciting mix of natural ingredients. With the Goodness of 100% Natural Ingredients	19	5	3	5715	Warren Lockman Jr.	1870
793	shirt button	1867	90	The beautiful range of Apple Naturalé that has an exciting mix of natural ingredients. With the Goodness of 100% Natural Ingredients	5	5	1	8791	Michele Fisher	1902
794	drill press	1307	8	New range of formal shirts are designed keeping you in mind. With fits and styling that will make you stand apart	23	5	5	8028	Grace Dickinson	1855
795	postage stamp	1721	80	Andy shoes are designed to keeping in mind durability as well as trends, the most stylish range of shoes & sandals	20	5	3	7493	Cristina Schuppe	1867
796	toe ring	1335	3	New ABC 13 9370, 13.3, 5th Gen CoreA5-8250U, 8GB RAM, 256GB SSD, power UHD Graphics, OS 10 Home, OS Office A & J 2016	21	5	3	798	Malcolm Ortiz	1922
797	wooden spoon	1828	54	Andy shoes are designed to keeping in mind durability as well as trends, the most stylish range of shoes & sandals	24	5	3	682	Dwayne Kassulke	1980
798	coffee mug	272	46	The automobile layout consists of a front-engine design, with transaxle-type transmissions mounted at the rear of the engine and four wheel drive	25	5	5	8786	Samantha Huels	1882
799	tea pot	840	21	Ergonomic executive chair upholstered in bonded black leather and PVC padded seat and back for all-day comfort and support	20	5	4	2092	Dixie Mann	1999
800	statuette	1504	9	The Football Is Good For Training And Recreational Purposes	8	5	4	364	Bryan Hoppe	1945
801	couch	1640	47	The Apollotech B340 is an affordable wireless mouse with reliable connectivity, 12 months battery life and modern design	6	5	4	6967	Dr. Eleanor McLaughlin	1917
802	bananas	86	63	Carbonite web goalkeeper gloves are ergonomically designed to give easy fit	14	5	2	5933	Angie Auer	1928
803	sketch pad	1320	89	The automobile layout consists of a front-engine design, with transaxle-type transmissions mounted at the rear of the engine and four wheel drive	17	5	0	2063	Gerardo Ondricka	1875
804	slipper	1163	61	Carbonite web goalkeeper gloves are ergonomically designed to give easy fit	21	5	4	5247	Christy Keebler	1959
805	flag	570	4	The beautiful range of Apple Naturalé that has an exciting mix of natural ingredients. With the Goodness of 100% Natural Ingredients	6	5	0	5799	Randolph Bartell	1887
806	candy wrapper	1116	67	Ergonomic executive chair upholstered in bonded black leather and PVC padded seat and back for all-day comfort and support	19	5	4	4587	Allan Casper Jr.	1925
807	children's book	363	15	The beautiful range of Apple Naturalé that has an exciting mix of natural ingredients. With the Goodness of 100% Natural Ingredients	23	5	1	3296	Wilbur Willms	2008
808	marble	958	59	Boston's most advanced compression wear technology increases muscle oxygenation, stabilizes active muscles	23	5	1	3519	Jacob Cassin	1998
809	game CD	1622	51	Carbonite web goalkeeper gloves are ergonomically designed to give easy fit	19	5	4	9049	Jeanette Kihn	1939
810	door	1397	33	Andy shoes are designed to keeping in mind durability as well as trends, the most stylish range of shoes & sandals	24	5	0	8154	Myron Larkin	1889
811	food	514	10	Carbonite web goalkeeper gloves are ergonomically designed to give easy fit	13	5	2	6876	Myra Adams	1948
812	floor	763	23	The Apollotech B340 is an affordable wireless mouse with reliable connectivity, 12 months battery life and modern design	16	5	0	281	Ron Goodwin III	2010
813	necktie	1667	38	Andy shoes are designed to keeping in mind durability as well as trends, the most stylish range of shoes & sandals	6	5	2	3044	Marcus Champlin Jr.	1931
814	cork	564	51	The automobile layout consists of a front-engine design, with transaxle-type transmissions mounted at the rear of the engine and four wheel drive	7	5	4	9306	Roxanne VonRueden	1921
815	blowdryer	492	24	The Nagasaki Lander is the trademarked name of several series of Nagasaki sport bikes, that started with the 1984 ABC800J	15	5	5	650	Ben Leuschke	1944
816	shampoo	1021	77	The Football Is Good For Training And Recreational Purposes	5	5	2	8623	Frederick Bode	1951
817	lamp	1432	83	New ABC 13 9370, 13.3, 5th Gen CoreA5-8250U, 8GB RAM, 256GB SSD, power UHD Graphics, OS 10 Home, OS Office A & J 2016	21	5	3	8718	Dr. Micheal Schuppe	1933
818	bangle bracelet	773	81	The Nagasaki Lander is the trademarked name of several series of Nagasaki sport bikes, that started with the 1984 ABC800J	11	5	3	3065	Leona Crona	1947
819	keyboard	1248	7	The automobile layout consists of a front-engine design, with transaxle-type transmissions mounted at the rear of the engine and four wheel drive	14	5	0	6513	Sophia Stehr	1987
820	glass	1437	36	Ergonomic executive chair upholstered in bonded black leather and PVC padded seat and back for all-day comfort and support	13	5	2	3452	Alison Kuphal	1991
821	shoes	1760	59	The Apollotech B340 is an affordable wireless mouse with reliable connectivity, 12 months battery life and modern design	12	5	3	2430	Jack Fahey	1873
822	wine glass	1428	24	The Apollotech B340 is an affordable wireless mouse with reliable connectivity, 12 months battery life and modern design	8	5	4	6847	Derrick Raynor	1907
823	giraffe	1350	82	Carbonite web goalkeeper gloves are ergonomically designed to give easy fit	8	5	0	7615	Ms. Leonard Cormier	1959
824	tea cup	584	21	The Apollotech B340 is an affordable wireless mouse with reliable connectivity, 12 months battery life and modern design	11	5	4	1075	Hannah Balistreri MD	1978
825	pinecone	1871	81	The automobile layout consists of a front-engine design, with transaxle-type transmissions mounted at the rear of the engine and four wheel drive	7	5	1	6777	Delia Gutmann V	1972
826	jar of jam	196	72	New ABC 13 9370, 13.3, 5th Gen CoreA5-8250U, 8GB RAM, 256GB SSD, power UHD Graphics, OS 10 Home, OS Office A & J 2016	13	5	2	5236	Mack Rowe	1920
827	shovel	1926	14	New range of formal shirts are designed keeping you in mind. With fits and styling that will make you stand apart	19	5	1	449	Roberto Corkery	1975
828	food	814	77	New ABC 13 9370, 13.3, 5th Gen CoreA5-8250U, 8GB RAM, 256GB SSD, power UHD Graphics, OS 10 Home, OS Office A & J 2016	18	5	2	5625	Rachael Christiansen	1983
829	paintbrush	397	41	New range of formal shirts are designed keeping you in mind. With fits and styling that will make you stand apart	11	5	2	6634	Chelsea Corwin	1950
830	pocketwatch	676	82	The automobile layout consists of a front-engine design, with transaxle-type transmissions mounted at the rear of the engine and four wheel drive	24	5	1	1323	Mrs. Gene Ankunding	1855
831	children's book	253	37	Boston's most advanced compression wear technology increases muscle oxygenation, stabilizes active muscles	23	5	3	553	Elsa Kulas	1872
832	roll of toilet paper	718	32	Carbonite web goalkeeper gloves are ergonomically designed to give easy fit	13	5	2	8419	Marcus Klocko	1869
833	mirror	1791	16	New ABC 13 9370, 13.3, 5th Gen CoreA5-8250U, 8GB RAM, 256GB SSD, power UHD Graphics, OS 10 Home, OS Office A & J 2016	13	5	1	1103	Mrs. Barbara Koelpin	2004
834	squirt gun	993	50	Ergonomic executive chair upholstered in bonded black leather and PVC padded seat and back for all-day comfort and support	10	5	2	968	Mattie Lesch	1892
835	flyswatter	351	51	New range of formal shirts are designed keeping you in mind. With fits and styling that will make you stand apart	21	5	5	916	Cathy Quigley	1975
836	crowbar	1636	71	Boston's most advanced compression wear technology increases muscle oxygenation, stabilizes active muscles	24	5	2	8995	Mr. Dallas Renner	1979
837	packet of seeds	484	6	Carbonite web goalkeeper gloves are ergonomically designed to give easy fit	20	5	0	1784	Ismael Lockman	2007
838	bottle of paint	789	68	Ergonomic executive chair upholstered in bonded black leather and PVC padded seat and back for all-day comfort and support	21	5	5	3225	Dr. Patrick Gutkowski	1909
839	chalk	124	100	The Apollotech B340 is an affordable wireless mouse with reliable connectivity, 12 months battery life and modern design	18	5	1	8826	Rodney Predovic II	1956
840	seat belt	1160	40	The Nagasaki Lander is the trademarked name of several series of Nagasaki sport bikes, that started with the 1984 ABC800J	16	5	4	4019	Herman Runolfsdottir	1958
841	package of crisp and crunchy edibles	944	7	The automobile layout consists of a front-engine design, with transaxle-type transmissions mounted at the rear of the engine and four wheel drive	10	5	5	6554	Mario Green	1860
842	jigsaw puzzle	914	47	Andy shoes are designed to keeping in mind durability as well as trends, the most stylish range of shoes & sandals	21	5	0	865	Holly Mraz	1982
843	turtle	137	9	The Apollotech B340 is an affordable wireless mouse with reliable connectivity, 12 months battery life and modern design	25	5	0	2797	Yvette Grimes	1991
844	bottle	1500	100	Ergonomic executive chair upholstered in bonded black leather and PVC padded seat and back for all-day comfort and support	8	5	2	1944	Kyle Haag	1871
845	keychain	1983	81	Carbonite web goalkeeper gloves are ergonomically designed to give easy fit	23	5	3	665	Chester Koch	2015
846	clothes pin	751	17	The slim & simple Maple Gaming Keyboard from Dev Byte comes with a sleek body and 7- Color RGB LED Back-lighting for smart functionality	19	5	5	3020	Duane Roob	1996
847	phone	1354	10	New range of formal shirts are designed keeping you in mind. With fits and styling that will make you stand apart	15	5	0	3815	Mrs. Molly Corwin	1881
848	undershirt	1436	61	Boston's most advanced compression wear technology increases muscle oxygenation, stabilizes active muscles	9	6	2	1861	Dennis Heller	1987
849	ball gown	1971	8	Boston's most advanced compression wear technology increases muscle oxygenation, stabilizes active muscles	10	6	4	7464	Craig Abernathy	1875
850	skirt	1662	5	The automobile layout consists of a front-engine design, with transaxle-type transmissions mounted at the rear of the engine and four wheel drive	8	6	2	2283	Ada Terry	1921
851	tights	1371	77	Ergonomic executive chair upholstered in bonded black leather and PVC padded seat and back for all-day comfort and support	5	6	5	3702	Glen Breitenberg	1982
852	polo shirt	1611	100	The Football Is Good For Training And Recreational Purposes	18	6	1	2338	Elena Ritchie	1967
853	bikini	1476	42	The beautiful range of Apple Naturalé that has an exciting mix of natural ingredients. With the Goodness of 100% Natural Ingredients	9	6	2	5812	Rufus Hegmann	1858
854	zip	1151	36	Andy shoes are designed to keeping in mind durability as well as trends, the most stylish range of shoes & sandals	11	6	5	4857	Roxanne Terry	1868
855	raincoat	1890	40	Boston's most advanced compression wear technology increases muscle oxygenation, stabilizes active muscles	6	6	3	6915	Rafael Quigley	1953
856	zip	1109	96	The Apollotech B340 is an affordable wireless mouse with reliable connectivity, 12 months battery life and modern design	14	6	0	6955	Rose Rohan	1972
857	kaftan	163	43	Ergonomic executive chair upholstered in bonded black leather and PVC padded seat and back for all-day comfort and support	9	6	2	1991	Brooke Wintheiser	1934
858	cufflinks	1417	61	The Football Is Good For Training And Recreational Purposes	7	6	0	5493	Stephen Lang	2002
859	robe	1568	44	The Apollotech B340 is an affordable wireless mouse with reliable connectivity, 12 months battery life and modern design	19	6	4	281	Dawn Mitchell	1986
860	nightwear	287	25	Carbonite web goalkeeper gloves are ergonomically designed to give easy fit	8	6	0	3360	Carlton Schowalter	1941
861	knickers	685	59	Boston's most advanced compression wear technology increases muscle oxygenation, stabilizes active muscles	21	6	1	8838	Sheryl Roberts	1904
862	pashmina	435	83	Andy shoes are designed to keeping in mind durability as well as trends, the most stylish range of shoes & sandals	12	6	0	5779	Ms. Bessie Zemlak	1878
863	pants	1709	1	The Apollotech B340 is an affordable wireless mouse with reliable connectivity, 12 months battery life and modern design	15	6	4	375	Julius Windler MD	1980
864	sweatshirt	399	37	Ergonomic executive chair upholstered in bonded black leather and PVC padded seat and back for all-day comfort and support	23	6	4	7572	Stella Walter	1860
865	undershirt	1609	74	New ABC 13 9370, 13.3, 5th Gen CoreA5-8250U, 8GB RAM, 256GB SSD, power UHD Graphics, OS 10 Home, OS Office A & J 2016	23	6	2	6344	Dr. Freda Herzog	1962
866	tankini	47	10	The Football Is Good For Training And Recreational Purposes	24	6	3	3263	Mr. Barbara Turner	1904
867	ball gown	103	13	New range of formal shirts are designed keeping you in mind. With fits and styling that will make you stand apart	8	6	2	7428	Carlton O'Reilly	1929
868	belt	400	4	The slim & simple Maple Gaming Keyboard from Dev Byte comes with a sleek body and 7- Color RGB LED Back-lighting for smart functionality	13	6	5	6934	Grace Lowe	1940
869	underclothes	1856	16	Boston's most advanced compression wear technology increases muscle oxygenation, stabilizes active muscles	15	6	1	7356	Whitney Oberbrunner	1950
870	tracksuit	617	16	The automobile layout consists of a front-engine design, with transaxle-type transmissions mounted at the rear of the engine and four wheel drive	7	6	4	6600	Mrs. Cora Leuschke	1969
871	briefs	875	83	The Apollotech B340 is an affordable wireless mouse with reliable connectivity, 12 months battery life and modern design	21	6	4	381	Traci Rath	1910
872	romper	1612	38	The automobile layout consists of a front-engine design, with transaxle-type transmissions mounted at the rear of the engine and four wheel drive	12	6	4	6365	Samantha Denesik MD	1976
873	vest	847	12	Boston's most advanced compression wear technology increases muscle oxygenation, stabilizes active muscles	17	6	0	1210	Debra Bechtelar	2020
874	camisole	639	37	The Nagasaki Lander is the trademarked name of several series of Nagasaki sport bikes, that started with the 1984 ABC800J	11	6	3	2831	Lorraine Lindgren	2008
875	fleece	1451	94	Ergonomic executive chair upholstered in bonded black leather and PVC padded seat and back for all-day comfort and support	23	6	5	4275	Gerald Doyle	1955
876	pants	827	93	Boston's most advanced compression wear technology increases muscle oxygenation, stabilizes active muscles	11	6	0	6428	Rose Bayer	1983
877	thong	1947	28	New range of formal shirts are designed keeping you in mind. With fits and styling that will make you stand apart	5	6	3	8574	Brian Lang	1998
878	kurta	1082	55	The beautiful range of Apple Naturalé that has an exciting mix of natural ingredients. With the Goodness of 100% Natural Ingredients	18	6	4	763	Shelia Marks	1861
879	coat	492	19	The automobile layout consists of a front-engine design, with transaxle-type transmissions mounted at the rear of the engine and four wheel drive	8	6	3	8299	Ms. Israel Collier	1877
880	waistcoat	1877	64	The beautiful range of Apple Naturalé that has an exciting mix of natural ingredients. With the Goodness of 100% Natural Ingredients	25	6	4	7768	Brian Mosciski	1892
881	cardigan	1240	51	Carbonite web goalkeeper gloves are ergonomically designed to give easy fit	22	6	1	8380	Ira Schneider	1938
882	tie	1586	69	New range of formal shirts are designed keeping you in mind. With fits and styling that will make you stand apart	24	6	1	9856	Mrs. Tyler Wuckert	2005
883	romper	1803	2	The slim & simple Maple Gaming Keyboard from Dev Byte comes with a sleek body and 7- Color RGB LED Back-lighting for smart functionality	8	6	2	152	Bernice Schmeler	1965
884	trousers	100	4	The Nagasaki Lander is the trademarked name of several series of Nagasaki sport bikes, that started with the 1984 ABC800J	25	6	2	2910	Blanca D'Amore	1989
885	bikini	1892	13	New ABC 13 9370, 13.3, 5th Gen CoreA5-8250U, 8GB RAM, 256GB SSD, power UHD Graphics, OS 10 Home, OS Office A & J 2016	18	6	2	9930	Grace Steuber	1973
886	underclothes	894	94	The Apollotech B340 is an affordable wireless mouse with reliable connectivity, 12 months battery life and modern design	19	6	2	8370	Kerry Heidenreich	1950
887	underclothes	279	62	The beautiful range of Apple Naturalé that has an exciting mix of natural ingredients. With the Goodness of 100% Natural Ingredients	25	6	1	1836	Leona Monahan	1955
888	belt	1031	1	Ergonomic executive chair upholstered in bonded black leather and PVC padded seat and back for all-day comfort and support	16	6	1	3555	Miss Betsy Nicolas	1866
889	waistcoat	444	84	The Nagasaki Lander is the trademarked name of several series of Nagasaki sport bikes, that started with the 1984 ABC800J	20	6	4	3315	Lynda Mertz	1954
890	kilt	1661	85	The Nagasaki Lander is the trademarked name of several series of Nagasaki sport bikes, that started with the 1984 ABC800J	20	6	1	8447	Matt Dicki	1851
891	suit	1700	1	The Football Is Good For Training And Recreational Purposes	16	6	4	4042	Brandi Hand	1876
892	bra & knicker set	683	55	New ABC 13 9370, 13.3, 5th Gen CoreA5-8250U, 8GB RAM, 256GB SSD, power UHD Graphics, OS 10 Home, OS Office A & J 2016	21	6	1	4179	Miss Gary Williamson	1929
893	undershirt	696	62	Carbonite web goalkeeper gloves are ergonomically designed to give easy fit	15	6	0	6709	Gwendolyn Thiel	1939
894	scarf	306	36	New range of formal shirts are designed keeping you in mind. With fits and styling that will make you stand apart	7	6	2	5549	Suzanne Collins IV	1900
895	tights	438	93	The Nagasaki Lander is the trademarked name of several series of Nagasaki sport bikes, that started with the 1984 ABC800J	22	6	2	2662	Harry Skiles	1941
1147	Alli	981	98	Laceration with foreign body of unspecified eyelid and periocular area	13	8	5	3735	Irma Williamson	1925
896	trainers	1220	6	The automobile layout consists of a front-engine design, with transaxle-type transmissions mounted at the rear of the engine and four wheel drive	16	6	0	2623	Nathan Rice II	1968
897	swimwear	1376	5	Boston's most advanced compression wear technology increases muscle oxygenation, stabilizes active muscles	8	6	4	8551	Ed Berge V	1998
898	hat	633	17	The beautiful range of Apple Naturalé that has an exciting mix of natural ingredients. With the Goodness of 100% Natural Ingredients	5	6	4	3790	Miss Pat Roob	2019
899	catsuit	838	21	New range of formal shirts are designed keeping you in mind. With fits and styling that will make you stand apart	23	6	0	5509	Robyn Grimes	1929
900	raincoat	1125	45	The beautiful range of Apple Naturalé that has an exciting mix of natural ingredients. With the Goodness of 100% Natural Ingredients	20	6	4	3072	Melody Schmidt	1856
901	dungarees	289	68	Ergonomic executive chair upholstered in bonded black leather and PVC padded seat and back for all-day comfort and support	12	6	0	8546	Victoria Morar	2008
902	nightgown	1419	51	Boston's most advanced compression wear technology increases muscle oxygenation, stabilizes active muscles	16	6	3	3878	Neil Klein II	1960
903	hat	1904	27	Carbonite web goalkeeper gloves are ergonomically designed to give easy fit	8	6	0	4521	Mike Rath	2001
904	belt	85	7	Carbonite web goalkeeper gloves are ergonomically designed to give easy fit	5	6	2	4143	Keith Batz MD	1963
905	romper	835	42	New range of formal shirts are designed keeping you in mind. With fits and styling that will make you stand apart	10	6	0	8589	Johnny Feil	1935
906	catsuit	284	70	New ABC 13 9370, 13.3, 5th Gen CoreA5-8250U, 8GB RAM, 256GB SSD, power UHD Graphics, OS 10 Home, OS Office A & J 2016	18	6	3	5311	Tomas Roob	1901
907	skirt	1398	41	New ABC 13 9370, 13.3, 5th Gen CoreA5-8250U, 8GB RAM, 256GB SSD, power UHD Graphics, OS 10 Home, OS Office A & J 2016	14	6	5	5450	Eugene Welch	1918
908	tailcoat	1611	2	The Nagasaki Lander is the trademarked name of several series of Nagasaki sport bikes, that started with the 1984 ABC800J	5	6	1	2978	Dr. Darrin Weimann	1861
909	cargos	1283	36	The automobile layout consists of a front-engine design, with transaxle-type transmissions mounted at the rear of the engine and four wheel drive	13	6	1	8806	Matt Wisozk	1960
910	cap	430	60	New range of formal shirts are designed keeping you in mind. With fits and styling that will make you stand apart	21	6	0	2433	Luke Rutherford	1969
911	skirt	1319	30	The beautiful range of Apple Naturalé that has an exciting mix of natural ingredients. With the Goodness of 100% Natural Ingredients	13	6	0	1180	Duane Kohler	1975
912	cummerbund	1415	29	The beautiful range of Apple Naturalé that has an exciting mix of natural ingredients. With the Goodness of 100% Natural Ingredients	17	6	2	5228	Pat Russel Sr.	1892
913	trousers	853	80	New ABC 13 9370, 13.3, 5th Gen CoreA5-8250U, 8GB RAM, 256GB SSD, power UHD Graphics, OS 10 Home, OS Office A & J 2016	8	6	2	8828	Nancy Kirlin	1980
914	tie	589	92	Ergonomic executive chair upholstered in bonded black leather and PVC padded seat and back for all-day comfort and support	14	6	1	9821	Theodore Haag	1958
915	shawl	1768	42	The Apollotech B340 is an affordable wireless mouse with reliable connectivity, 12 months battery life and modern design	18	6	0	1022	Bethany Collins	2012
916	swimming shorts	1641	86	New ABC 13 9370, 13.3, 5th Gen CoreA5-8250U, 8GB RAM, 256GB SSD, power UHD Graphics, OS 10 Home, OS Office A & J 2016	8	6	5	9685	Caroline Zemlak	1881
917	briefs	167	34	The beautiful range of Apple Naturalé that has an exciting mix of natural ingredients. With the Goodness of 100% Natural Ingredients	6	6	5	8334	Ms. Jeannette Gutkowski	1893
918	trainers	1152	1	The Apollotech B340 is an affordable wireless mouse with reliable connectivity, 12 months battery life and modern design	9	6	2	6363	Noah Johnston	1925
919	top	816	70	Andy shoes are designed to keeping in mind durability as well as trends, the most stylish range of shoes & sandals	6	6	0	7786	Martin Bradtke	1991
920	swimming shorts	1549	76	New ABC 13 9370, 13.3, 5th Gen CoreA5-8250U, 8GB RAM, 256GB SSD, power UHD Graphics, OS 10 Home, OS Office A & J 2016	14	6	2	682	Penny Willms	1961
921	trainers	1229	23	Boston's most advanced compression wear technology increases muscle oxygenation, stabilizes active muscles	19	6	3	458	Bill Wolff II	1945
922	jumper	1194	36	The Nagasaki Lander is the trademarked name of several series of Nagasaki sport bikes, that started with the 1984 ABC800J	18	6	0	3351	Ms. Katie Dibbert	1941
923	sarong	658	73	The beautiful range of Apple Naturalé that has an exciting mix of natural ingredients. With the Goodness of 100% Natural Ingredients	16	6	5	1551	Dr. Ricardo Kovacek	1927
924	trousers	171	96	New ABC 13 9370, 13.3, 5th Gen CoreA5-8250U, 8GB RAM, 256GB SSD, power UHD Graphics, OS 10 Home, OS Office A & J 2016	12	6	3	2411	Willie Shanahan	2003
925	sweatshirt	1738	35	The automobile layout consists of a front-engine design, with transaxle-type transmissions mounted at the rear of the engine and four wheel drive	6	6	1	3566	Dwayne Orn	1996
926	dungarees	1649	90	The Apollotech B340 is an affordable wireless mouse with reliable connectivity, 12 months battery life and modern design	9	6	2	1876	Thelma Pagac	1972
927	slacks	1523	100	Boston's most advanced compression wear technology increases muscle oxygenation, stabilizes active muscles	8	6	2	319	Marion Goodwin	1909
928	sarong	646	6	Ergonomic executive chair upholstered in bonded black leather and PVC padded seat and back for all-day comfort and support	7	6	0	8198	Johnathan Wiegand	1879
929	stockings	1771	99	The beautiful range of Apple Naturalé that has an exciting mix of natural ingredients. With the Goodness of 100% Natural Ingredients	19	6	0	1081	Frederick Bernier	1921
930	kaftan	687	91	The Nagasaki Lander is the trademarked name of several series of Nagasaki sport bikes, that started with the 1984 ABC800J	21	6	2	8374	Garrett Fritsch	1956
931	gloves	1293	48	The automobile layout consists of a front-engine design, with transaxle-type transmissions mounted at the rear of the engine and four wheel drive	10	6	3	9239	Brent Thompson	1988
932	skirt	1219	19	The Apollotech B340 is an affordable wireless mouse with reliable connectivity, 12 months battery life and modern design	16	6	2	522	Jeannette Orn	1850
933	cummerbund	951	37	The Nagasaki Lander is the trademarked name of several series of Nagasaki sport bikes, that started with the 1984 ABC800J	21	6	2	5244	Luke Hermiston	1943
934	tights	590	89	The Football Is Good For Training And Recreational Purposes	14	6	3	8109	Myron Reinger	2016
935	suit	1120	30	Boston's most advanced compression wear technology increases muscle oxygenation, stabilizes active muscles	11	6	5	1675	Ms. Patty Hartmann	1980
936	shellsuit	599	95	Ergonomic executive chair upholstered in bonded black leather and PVC padded seat and back for all-day comfort and support	8	6	3	302	Evelyn O'Kon	2010
937	fleece	80	57	The beautiful range of Apple Naturalé that has an exciting mix of natural ingredients. With the Goodness of 100% Natural Ingredients	22	6	5	6965	Jackie Harber	1885
938	bow tie	95	88	Andy shoes are designed to keeping in mind durability as well as trends, the most stylish range of shoes & sandals	12	6	0	5670	Betty Adams	1996
939	tailcoat	463	18	New ABC 13 9370, 13.3, 5th Gen CoreA5-8250U, 8GB RAM, 256GB SSD, power UHD Graphics, OS 10 Home, OS Office A & J 2016	8	6	5	6984	Mr. Gail Boyle	1889
940	cufflinks	376	28	The automobile layout consists of a front-engine design, with transaxle-type transmissions mounted at the rear of the engine and four wheel drive	11	6	3	147	Joe Skiles	1981
941	dinner jacket	1813	22	The Football Is Good For Training And Recreational Purposes	5	6	1	9631	Genevieve Johnston	1991
942	cummerbund	964	62	Ergonomic executive chair upholstered in bonded black leather and PVC padded seat and back for all-day comfort and support	10	6	4	2732	Faye Hahn	1969
943	suit	111	10	The Apollotech B340 is an affordable wireless mouse with reliable connectivity, 12 months battery life and modern design	11	6	5	7823	Leslie Gibson DDS	2018
944	swimming costume	92	25	New ABC 13 9370, 13.3, 5th Gen CoreA5-8250U, 8GB RAM, 256GB SSD, power UHD Graphics, OS 10 Home, OS Office A & J 2016	14	6	4	1608	Dr. Harvey Rosenbaum	1926
945	top	1333	74	Ergonomic executive chair upholstered in bonded black leather and PVC padded seat and back for all-day comfort and support	11	6	5	7749	Toni Orn	1922
946	suit	775	64	The Apollotech B340 is an affordable wireless mouse with reliable connectivity, 12 months battery life and modern design	6	6	1	7747	Grace Breitenberg	1950
947	socks	167	42	New range of formal shirts are designed keeping you in mind. With fits and styling that will make you stand apart	9	6	1	7570	Marta Johnson	1860
948	Best Hit	830	4	The Football Is Good For Training And Recreational Purposes	7	7	1	1419	Leslie Keeling	1959
949	Seek Gun	464	31	The Apollotech B340 is an affordable wireless mouse with reliable connectivity, 12 months battery life and modern design	22	7	4	5308	Lyle Marquardt I	1857
950	Peace Djem	900	79	Andy shoes are designed to keeping in mind durability as well as trends, the most stylish range of shoes & sandals	9	7	0	2258	Hugh Glover	1979
951	Allied Harbour	896	76	The Nagasaki Lander is the trademarked name of several series of Nagasaki sport bikes, that started with the 1984 ABC800J	25	7	3	8862	Robin Wolf	1969
952	Busy Lawyer	1146	18	Carbonite web goalkeeper gloves are ergonomically designed to give easy fit	13	7	3	7477	Sara Bashirian	1979
953	Blue Book	1675	22	Andy shoes are designed to keeping in mind durability as well as trends, the most stylish range of shoes & sandals	25	7	1	3805	Christie Swaniawski	1946
954	Cold Cone	138	58	Ergonomic executive chair upholstered in bonded black leather and PVC padded seat and back for all-day comfort and support	10	7	4	8079	Marjorie Erdman	1970
955	Seek Freely	279	6	The automobile layout consists of a front-engine design, with transaxle-type transmissions mounted at the rear of the engine and four wheel drive	6	7	3	8790	Kellie Reinger	1924
956	Pacer Kangaroo	1963	50	Boston's most advanced compression wear technology increases muscle oxygenation, stabilizes active muscles	24	7	3	5732	Brendan Shields	2017
957	Cold Risk	84	45	The beautiful range of Apple Naturalé that has an exciting mix of natural ingredients. With the Goodness of 100% Natural Ingredients	14	7	5	4187	Marguerite Rolfson	1937
958	Seek Prime	783	27	Ergonomic executive chair upholstered in bonded black leather and PVC padded seat and back for all-day comfort and support	11	7	2	4945	Javier Block	1906
959	Pacer Sword	809	18	The Football Is Good For Training And Recreational Purposes	20	7	1	7758	Greg Frami	1977
960	Fair Oaks	957	42	Ergonomic executive chair upholstered in bonded black leather and PVC padded seat and back for all-day comfort and support	11	7	4	8716	Miss Joy Predovic	1948
961	Silent Sentry	359	65	The automobile layout consists of a front-engine design, with transaxle-type transmissions mounted at the rear of the engine and four wheel drive	15	7	4	1202	Kristina Hamill	1938
962	Creek Falcon	706	57	The Nagasaki Lander is the trademarked name of several series of Nagasaki sport bikes, that started with the 1984 ABC800J	14	7	4	3848	Marguerite Spencer IV	1921
963	Compass Bright	1097	27	Carbonite web goalkeeper gloves are ergonomically designed to give easy fit	20	7	1	353	Emma Moore	1854
964	Rivet Mold	78	23	New ABC 13 9370, 13.3, 5th Gen CoreA5-8250U, 8GB RAM, 256GB SSD, power UHD Graphics, OS 10 Home, OS Office A & J 2016	18	7	2	9032	Kim Lind	2006
965	Have Sky	578	32	The beautiful range of Apple Naturalé that has an exciting mix of natural ingredients. With the Goodness of 100% Natural Ingredients	20	7	4	177	Dr. Marguerite Schinner	1954
966	Heavy Lance	1826	32	The automobile layout consists of a front-engine design, with transaxle-type transmissions mounted at the rear of the engine and four wheel drive	8	7	4	5879	Della Hane	1869
967	Hip Pocket	1496	51	The Nagasaki Lander is the trademarked name of several series of Nagasaki sport bikes, that started with the 1984 ABC800J	19	7	1	1	Devin Hegmann	1878
968	Seven Interns	905	50	New ABC 13 9370, 13.3, 5th Gen CoreA5-8250U, 8GB RAM, 256GB SSD, power UHD Graphics, OS 10 Home, OS Office A & J 2016	10	7	1	1384	May Funk	1927
969	Palace Release	548	19	The Nagasaki Lander is the trademarked name of several series of Nagasaki sport bikes, that started with the 1984 ABC800J	14	7	3	8960	Victoria Spencer	1977
970	Scope Response	1312	37	The beautiful range of Apple Naturalé that has an exciting mix of natural ingredients. With the Goodness of 100% Natural Ingredients	10	7	5	5598	Norman Hilll	1979
971	Senior Year	1666	83	The slim & simple Maple Gaming Keyboard from Dev Byte comes with a sleek body and 7- Color RGB LED Back-lighting for smart functionality	9	7	1	6584	Jerald Schaden	1933
972	Scope Bit	438	34	New range of formal shirts are designed keeping you in mind. With fits and styling that will make you stand apart	23	7	5	3580	Desiree Wisoky	1979
973	Squeeze Play	288	30	New ABC 13 9370, 13.3, 5th Gen CoreA5-8250U, 8GB RAM, 256GB SSD, power UHD Graphics, OS 10 Home, OS Office A & J 2016	14	7	2	5215	Edith Lesch	1904
974	Cold Smoke	715	79	Boston's most advanced compression wear technology increases muscle oxygenation, stabilizes active muscles	5	7	2	8305	Noah Armstrong	1907
975	See Saw	1688	10	The beautiful range of Apple Naturalé that has an exciting mix of natural ingredients. With the Goodness of 100% Natural Ingredients	14	7	5	272	Steve Bernhard	1993
976	Combat Rose	613	43	New range of formal shirts are designed keeping you in mind. With fits and styling that will make you stand apart	10	7	3	5368	Melinda Sawayn	1916
977	Cold Eye	297	100	The Nagasaki Lander is the trademarked name of several series of Nagasaki sport bikes, that started with the 1984 ABC800J	11	7	4	9978	Ed Bode	2007
978	Commando Baron	79	96	Ergonomic executive chair upholstered in bonded black leather and PVC padded seat and back for all-day comfort and support	5	7	2	32	Neal Aufderhar	1931
979	Rivet Grip	1246	54	Boston's most advanced compression wear technology increases muscle oxygenation, stabilizes active muscles	12	7	2	5085	Jaime Ortiz	1868
980	Urgent Fury	260	90	Andy shoes are designed to keeping in mind durability as well as trends, the most stylish range of shoes & sandals	19	7	0	2201	Wilbert Hansen	1873
981	Comfy Gin	590	25	The slim & simple Maple Gaming Keyboard from Dev Byte comes with a sleek body and 7- Color RGB LED Back-lighting for smart functionality	19	7	3	2494	Kristi Reinger	1999
982	Have Spoon	1907	87	Carbonite web goalkeeper gloves are ergonomically designed to give easy fit	6	7	0	6142	Elena Stehr	2010
983	Red Cloud	117	47	The automobile layout consists of a front-engine design, with transaxle-type transmissions mounted at the rear of the engine and four wheel drive	13	7	2	1569	Delia Watsica	2005
984	Gypsy Danger	1540	6	The slim & simple Maple Gaming Keyboard from Dev Byte comes with a sleek body and 7- Color RGB LED Back-lighting for smart functionality	14	7	4	6052	Philip Keebler	1989
985	Le Fox Green	872	85	New range of formal shirts are designed keeping you in mind. With fits and styling that will make you stand apart	17	7	0	5500	Glenda Corwin	1992
986	Creek Sunshine	78	79	New range of formal shirts are designed keeping you in mind. With fits and styling that will make you stand apart	5	7	1	1748	Emmett Dicki	1957
987	Senior Needle	949	81	The Apollotech B340 is an affordable wireless mouse with reliable connectivity, 12 months battery life and modern design	14	7	5	7015	Erica Streich	1950
988	Hasty Piper	1886	87	Andy shoes are designed to keeping in mind durability as well as trends, the most stylish range of shoes & sandals	6	7	3	9230	Erick Kreiger II	1863
989	Creek Glitter	1971	14	The automobile layout consists of a front-engine design, with transaxle-type transmissions mounted at the rear of the engine and four wheel drive	21	7	3	9497	Gerard Hansen	1876
990	Cold Trap	1030	87	Carbonite web goalkeeper gloves are ergonomically designed to give easy fit	5	7	2	3716	Mable Rice	1942
991	La Faire Vite	491	12	The slim & simple Maple Gaming Keyboard from Dev Byte comes with a sleek body and 7- Color RGB LED Back-lighting for smart functionality	15	7	3	6483	Leonard Dickinson	1878
992	Creek Blaze	474	37	The beautiful range of Apple Naturalé that has an exciting mix of natural ingredients. With the Goodness of 100% Natural Ingredients	12	7	1	1727	Elena Hermann	1964
993	Seven Travels	50	44	The automobile layout consists of a front-engine design, with transaxle-type transmissions mounted at the rear of the engine and four wheel drive	10	7	1	4730	Rufus Carter	2013
994	Pacer Repair	1706	55	Andy shoes are designed to keeping in mind durability as well as trends, the most stylish range of shoes & sandals	6	7	5	5475	Eddie Leffler	1872
995	Seed Bronco	1310	86	Boston's most advanced compression wear technology increases muscle oxygenation, stabilizes active muscles	15	7	4	6696	Teri Hahn DVM	1889
996	Pacer Panther	1455	62	Boston's most advanced compression wear technology increases muscle oxygenation, stabilizes active muscles	20	7	2	841	Iris Trantow I	1974
997	Wet End	778	69	Carbonite web goalkeeper gloves are ergonomically designed to give easy fit	17	7	2	1850	Kirk Brekke	1876
998	Pacer Speak	135	58	The slim & simple Maple Gaming Keyboard from Dev Byte comes with a sleek body and 7- Color RGB LED Back-lighting for smart functionality	8	7	2	5569	Wayne Stamm	1906
999	Yankee Team TTF	1431	90	The Nagasaki Lander is the trademarked name of several series of Nagasaki sport bikes, that started with the 1984 ABC800J	6	7	3	7174	Joyce Zieme	1887
1000	Peace Echo V	7	26	The slim & simple Maple Gaming Keyboard from Dev Byte comes with a sleek body and 7- Color RGB LED Back-lighting for smart functionality	6	7	0	3144	Christian Oberbrunner	1938
1001	Muscle Shoals	718	70	The beautiful range of Apple Naturalé that has an exciting mix of natural ingredients. With the Goodness of 100% Natural Ingredients	9	7	0	5289	Ian Swift	2011
1002	Diamond Ore	698	9	The Nagasaki Lander is the trademarked name of several series of Nagasaki sport bikes, that started with the 1984 ABC800J	21	7	4	9931	Jean Runolfsson	1894
1003	Rivet Joint III	442	78	The Nagasaki Lander is the trademarked name of several series of Nagasaki sport bikes, that started with the 1984 ABC800J	18	7	3	3121	Jesus Kulas	1895
1004	Have Jar	202	94	The Football Is Good For Training And Recreational Purposes	18	7	3	3349	Pauline Rowe	1921
1005	Diamond Sculls	1540	97	The slim & simple Maple Gaming Keyboard from Dev Byte comes with a sleek body and 7- Color RGB LED Back-lighting for smart functionality	16	7	0	90	Naomi Turner	1982
1006	Hasty Blue	1965	78	Ergonomic executive chair upholstered in bonded black leather and PVC padded seat and back for all-day comfort and support	23	7	1	7360	Marjorie Mitchell	1876
1007	Pacer Low	523	15	The automobile layout consists of a front-engine design, with transaxle-type transmissions mounted at the rear of the engine and four wheel drive	5	7	1	2347	Dennis Hermiston	1967
1008	Palace Ready	681	49	Boston's most advanced compression wear technology increases muscle oxygenation, stabilizes active muscles	13	7	1	3233	Pablo Brown	1887
1009	Sentinel Bright	137	41	Andy shoes are designed to keeping in mind durability as well as trends, the most stylish range of shoes & sandals	6	7	5	8973	Samuel Kuphal	1959
1010	Peace Marble III	1519	89	New ABC 13 9370, 13.3, 5th Gen CoreA5-8250U, 8GB RAM, 256GB SSD, power UHD Graphics, OS 10 Home, OS Office A & J 2016	7	7	4	8451	Denise Dooley	1890
1011	Double Steal	620	92	The Football Is Good For Training And Recreational Purposes	21	7	5	5755	Judy Hilll	1896
1012	Saber Secure	604	35	The Nagasaki Lander is the trademarked name of several series of Nagasaki sport bikes, that started with the 1984 ABC800J	22	7	3	9390	Rose Daugherty	2001
1013	Saber Tiger	147	91	Andy shoes are designed to keeping in mind durability as well as trends, the most stylish range of shoes & sandals	13	7	5	5960	Lucia Stokes	1960
1014	Hammer Rally	579	38	The automobile layout consists of a front-engine design, with transaxle-type transmissions mounted at the rear of the engine and four wheel drive	25	7	0	5097	Kelly Harvey	1967
1015	Chalet	1973	36	The beautiful range of Apple Naturalé that has an exciting mix of natural ingredients. With the Goodness of 100% Natural Ingredients	24	7	4	7141	Danielle Crona	1900
1016	Peace Zebra	226	72	The Nagasaki Lander is the trademarked name of several series of Nagasaki sport bikes, that started with the 1984 ABC800J	10	7	3	5279	Margie Koch	2012
1017	Have Horn	986	93	The automobile layout consists of a front-engine design, with transaxle-type transmissions mounted at the rear of the engine and four wheel drive	6	7	5	1221	Morris Stehr IV	2013
1018	Hip Pocket	1827	2	The Apollotech B340 is an affordable wireless mouse with reliable connectivity, 12 months battery life and modern design	12	7	3	3191	Emanuel Friesen	1914
1019	Penny Monitor	1038	46	New range of formal shirts are designed keeping you in mind. With fits and styling that will make you stand apart	20	7	2	2729	Gladys Boehm	1909
1020	Compass Look	84	13	Ergonomic executive chair upholstered in bonded black leather and PVC padded seat and back for all-day comfort and support	7	7	5	2303	Annette Okuneva	1865
1021	Senior Pennant	490	50	Andy shoes are designed to keeping in mind durability as well as trends, the most stylish range of shoes & sandals	11	7	4	4584	Mr. Courtney Herzog	1981
1022	Busy Jockey	277	9	The Apollotech B340 is an affordable wireless mouse with reliable connectivity, 12 months battery life and modern design	23	7	3	9930	Melissa Schimmel	1983
1023	Giant Bid	858	89	The Nagasaki Lander is the trademarked name of several series of Nagasaki sport bikes, that started with the 1984 ABC800J	25	7	5	2050	Eileen Padberg	2020
1024	Commando Leaf	375	74	Andy shoes are designed to keeping in mind durability as well as trends, the most stylish range of shoes & sandals	9	7	5	3739	Meredith Runolfsson	1909
1025	Seek Burst	1186	41	Ergonomic executive chair upholstered in bonded black leather and PVC padded seat and back for all-day comfort and support	20	7	3	9584	Mae Bins	1977
1026	Peace Log	1288	31	Andy shoes are designed to keeping in mind durability as well as trends, the most stylish range of shoes & sandals	21	7	3	4173	Henrietta Waelchi	1971
1027	Cast Fire	651	19	Boston's most advanced compression wear technology increases muscle oxygenation, stabilizes active muscles	18	7	4	4252	Patricia Vandervort PhD	1950
1028	Creek Arrow	1117	2	Andy shoes are designed to keeping in mind durability as well as trends, the most stylish range of shoes & sandals	22	7	2	9981	Dianne Jaskolski	1933
1029	Cobra Gold	384	94	New ABC 13 9370, 13.3, 5th Gen CoreA5-8250U, 8GB RAM, 256GB SSD, power UHD Graphics, OS 10 Home, OS Office A & J 2016	16	7	3	5556	Tommie Streich	1979
1030	Peace Sun III	703	5	Andy shoes are designed to keeping in mind durability as well as trends, the most stylish range of shoes & sandals	12	7	5	1687	Leon Mills	1873
1031	Combat Sage	1725	50	New ABC 13 9370, 13.3, 5th Gen CoreA5-8250U, 8GB RAM, 256GB SSD, power UHD Graphics, OS 10 Home, OS Office A & J 2016	9	7	4	2179	Nathaniel Effertz	1886
1032	Compass Trail	417	52	The beautiful range of Apple Naturalé that has an exciting mix of natural ingredients. With the Goodness of 100% Natural Ingredients	25	7	3	7214	James Monahan	2018
1033	Exotic Dancer	1300	27	The beautiful range of Apple Naturalé that has an exciting mix of natural ingredients. With the Goodness of 100% Natural Ingredients	11	7	3	7272	Ms. Cameron Konopelski	1990
1034	Saber Penetrator V	437	45	Carbonite web goalkeeper gloves are ergonomically designed to give easy fit	24	7	0	3725	Debra Stanton	1876
1035	Giant Hand	1756	82	The slim & simple Maple Gaming Keyboard from Dev Byte comes with a sleek body and 7- Color RGB LED Back-lighting for smart functionality	10	7	5	7803	Darnell Hand	1874
1036	Have Cab	9	68	Carbonite web goalkeeper gloves are ergonomically designed to give easy fit	22	7	0	4921	Geneva Rolfson	1890
1037	Cold Scarf	1485	27	Ergonomic executive chair upholstered in bonded black leather and PVC padded seat and back for all-day comfort and support	19	7	2	9202	Elias Borer IV	1870
1038	Daguet	1647	23	New ABC 13 9370, 13.3, 5th Gen CoreA5-8250U, 8GB RAM, 256GB SSD, power UHD Graphics, OS 10 Home, OS Office A & J 2016	6	7	5	4324	Monica Torphy V	1994
1039	Bull Pasture	428	52	The slim & simple Maple Gaming Keyboard from Dev Byte comes with a sleek body and 7- Color RGB LED Back-lighting for smart functionality	15	7	5	2115	Ann Barrows	1945
1040	Port Bow	1020	77	New ABC 13 9370, 13.3, 5th Gen CoreA5-8250U, 8GB RAM, 256GB SSD, power UHD Graphics, OS 10 Home, OS Office A & J 2016	9	7	0	7054	Rex Jacobs	2000
1041	Corn Target	1351	37	Boston's most advanced compression wear technology increases muscle oxygenation, stabilizes active muscles	9	7	2	4637	Cecil Lueilwitz	1873
1042	Strong Point	1411	99	Carbonite web goalkeeper gloves are ergonomically designed to give easy fit	23	7	4	5248	Frankie Grimes	1852
1043	Comfy Mat	1404	12	The slim & simple Maple Gaming Keyboard from Dev Byte comes with a sleek body and 7- Color RGB LED Back-lighting for smart functionality	8	7	4	2802	Orville Dibbert	2018
1044	Seven Windmills	769	99	The Nagasaki Lander is the trademarked name of several series of Nagasaki sport bikes, that started with the 1984 ABC800J	12	7	2	5803	April Corwin III	1883
1045	Die Tool	171	73	The beautiful range of Apple Naturalé that has an exciting mix of natural ingredients. With the Goodness of 100% Natural Ingredients	21	7	4	6255	Mario Miller	1972
1046	Compass Cope	559	38	Ergonomic executive chair upholstered in bonded black leather and PVC padded seat and back for all-day comfort and support	15	7	4	4120	Russell Schaefer III	2005
1047	Heavy Hurdle	1757	18	The Football Is Good For Training And Recreational Purposes	10	7	0	4098	Rick Hudson DVM	1889
1048	Cetraxal	1686	82	Nondisplaced fracture of neck of other metacarpal bone	24	8	3	8109	Kristopher Stehr	2020
1049	Furosemide	503	64	Cyst and mucocele of nose and nasal sinus	9	8	1	1279	Brett Larkin DVM	1933
1050	Levonorgestrel, Ethinyl Estradiol	1529	49	Other osteonecrosis of radius, ulna and carpus	10	8	2	48	Katherine Lueilwitz	1905
1051	Dopar	1654	35	Diffuse cystic mastopathy of unspecified breast	24	8	5	6548	Lorene Windler DDS	1974
1052	Nelfinavir Mesylate	1170	48	Burn of first degree of back of unspecified hand	16	8	4	1360	Miss Lorene Corwin	1932
1053	Estropipate	1642	98	Glycogen storage disease, unspecified	6	8	2	5493	Dr. Sammy Weimann	1944
1054	Pentetate Zinc Trisodium	1270	95	Chronic myeloid leukemia, BCR/ABL-positive, in remission	18	8	3	1713	Christopher Greenfelder	1968
1055	Provocholine	939	23	Alcohol abuse with intoxication	23	8	3	6911	Albert Hermann	1980
1056	Venlafaxine Hydrochloride	768	39	Lead-induced chronic gout, unspecified shoulder	21	8	2	6780	Barbara Kertzmann V	1861
1057	Dynapen	1235	23	Contusion of small intestine	9	8	3	2143	Caroline Jakubowski	1956
1058	Temovate Scalp	697	39	Acute appendicitis with localized peritonitis	23	8	3	4627	Natasha Stoltenberg	1952
1059	Abilify	655	43	Calcification and ossification of muscle	11	8	5	7890	Cassandra Flatley	1860
1060	Pred-G	1210	66	Salter-Harris Type I physeal fracture of upper end of right fibula	7	8	1	9651	Richard Christiansen	1911
1061	Photofrin	1535	6	Other pneumothorax and air leak	25	8	0	9754	Gerard Gottlieb	1976
1062	Nicotrol	1474	10	Endometriosis of pelvic peritoneum	22	8	1	9470	Jimmie Kuhn	1863
1063	Uloric	272	71	Familial chondrocalcinosis, elbow	25	8	2	626	Laurie Rath	2008
1064	Spiriva	314	36	Kernicterus, unspecified	12	8	3	9750	Candice O'Keefe	1992
1065	Hydrocodone Bitartrate and Acetaminophen	1911	67	Chondrolysis, hip	21	8	0	1057	Jean Spencer III	1980
1066	Sodium ferric gluconate	342	8	Burn of first degree of scapular region	7	8	5	4960	Kristy Lockman	1871
1067	Detrol	1413	92	Unspecified fracture of fourth metacarpal bone, left hand	24	8	1	4169	Harriet Schuppe IV	1984
1068	Rivastigmine Tartrate	371	60	Injury of unspecified nerve at lower leg level	6	8	4	6590	Mr. Rebecca Hirthe	1913
1069	Cleviprex	165	16	Burn of first degree of back of unspecified hand	22	8	0	1685	Cary Nikolaus IV	1952
1070	Cefixime	1588	35	Rheumatoid lung disease with rheumatoid arthritis of unspecified site	11	8	4	4184	Sergio Witting	2005
1071	Trimetrexate Glucuronate	1189	17	Chondrolysis, hip	19	8	3	6727	Gilbert Bashirian	1900
1072	Extavia	705	2	Partial traumatic metacarpophalangeal amputation of right middle finger	10	8	0	8196	Garry MacGyver	1963
1073	Ethiodol	160	92	Passenger in three-wheeled motor vehicle injured in collision with fixed or stationary object in nontraffic accident	10	8	1	145	Cathy Beier	1865
1074	Nebcin	376	96	Mixed pediculosis and phthiriasis	12	8	2	4934	Wilbert Rutherford	1955
1075	Procainamide	9	3	Intraoperative and postprocedural complications and disorders of eye and adnexa, not elsewhere classified	14	8	4	4365	Mr. Rick Mertz	2009
1076	Zestril	1967	68	Bus occupant (driver) (passenger) injured in other specified transport accidents	11	8	1	980	Alfred Zieme	1984
1077	Desogen	232	1	Myositis ossificans traumatica, right forearm	25	8	4	3548	Mrs. Margaret Jakubowski	1876
1078	Aricept	725	13	Superficial injury of ankle, foot and toes	18	8	4	6065	Santos Kris	1869
1079	Cuvposa	1967	49	Nondisplaced fracture of right tibial spine	13	8	2	5628	Elmer Shanahan PhD	2010
1080	Dipyridamole	455	79	Other fracture of unspecified ilium	8	8	4	1508	Kathleen Hane	2019
1081	Metformin Hcl	235	79	Angina pectoris, unspecified	14	8	3	2058	Melanie Kreiger	1880
1082	Cephalexin	1074	35	Dysuria	10	8	5	5743	Charlene Simonis I	1987
1083	Alphanate	272	49	Activity, swimming	25	8	0	8759	Nora Bernhard	1899
1084	Bepreve	1431	46	Subacute cutaneous lupus erythematosus	24	8	4	8304	Rita Rau	1964
1085	Intralipid 20%	417	10	Other osteonecrosis of radius, ulna and carpus	9	8	2	2375	Miss Elvira Senger	1892
1086	Midodrine Hydrochloride	1369	45	Acute petrositis, bilateral	7	8	5	8815	Miss Matthew Kertzmann	1864
1087	Pilopine HS	467	76	Activity, swimming	8	8	1	1287	Larry Moore	1954
1088	Topiramate	377	47	Non-pressure chronic ulcer of right calf with necrosis of muscle	23	8	2	7349	Tasha Kunde	1887
1089	Cromolyn Sodium	1075	83	Extranodal NK/T-cell lymphoma, nasal type	17	8	3	1320	Kerry Boyer	1993
1090	Talacen	697	70	Corrosion of first degree of lower leg	20	8	5	975	May Rodriguez	1915
1091	Rhinocort Aqua	1098	23	Angina pectoris, unspecified	21	8	0	7847	Rufus Marks	1903
1092	Tegretol	1338	65	Other pneumothorax and air leak	8	8	1	4859	Michael Rodriguez	1997
1093	Fluconazole	1612	35	Retinal hemorrhage, left eye	21	8	4	5103	Philip Ebert	1921
1094	Equetro	1335	71	Unspecified staphylococcus as the cause of diseases classified elsewhere	9	8	2	3881	Luke Jacobson	1954
1095	Glucovance	1337	61	Traumatic rupture of unspecified ligament of right little finger at metacarpophalangeal and interphalangeal joint	18	8	2	8588	Myrtle Moore	1940
1096	Glucovance	290	30	Mooren's corneal ulcer, unspecified eye	10	8	5	9270	Madeline Harber V	1887
1097	Glycopyrrolate	446	14	Kaschin-Beck disease, left knee	7	8	3	9693	Ms. Ervin Hane	1982
1098	Prednisolone Acetate	568	8	Juvenile arthritis, unspecified, left hand	12	8	4	7867	Margarita Kunde	2019
1099	Forane	1602	66	Disorders of left acoustic nerve	13	8	0	5673	Brendan Turcotte PhD	1967
1100	Nascobal	266	9	Anaplastic large cell lymphoma, ALK-negative, unspecified site	16	8	1	3037	Thomas Tromp	1984
1101	Coumadin	1499	1	Disorder of central nervous system, unspecified	11	8	1	4355	Emily Toy	1944
1102	Cytomel	79	30	Malignant neoplasm of left orbit	19	8	2	8152	Hector Rempel	1997
1103	Mycelex	1458	53	Laceration of dorsal artery of right foot	18	8	2	4170	Shirley Carroll	1861
1104	Dasatinib	1794	46	Angiodysplasia of colon	5	8	5	3406	Bethany Larson	2014
1105	AdreView	1457	76	Legal intervention involving other explosives, suspect injured	16	8	2	6783	Ervin Corwin	1890
1106	Lybrel	1854	30	Meningococcal myocarditis	11	8	2	646	Cameron Moore	1902
1107	Bepreve	470	21	Other unilateral secondary osteoarthritis of hip	24	8	0	1033	Judith Schuppe I	1961
1108	Je-Vax	50	7	Unspecified viral hepatitis C without hepatic coma	5	8	1	4604	Terrance Cronin	1904
1109	Ethosuximide	1304	24	Other disorders of continuity of bone, right radius	5	8	1	3522	Sonia Rogahn III	1996
1110	Cataflam	744	66	Major laceration of left kidney	8	8	0	7021	Marion Lakin	1961
1111	Agalsidase Beta	1313	13	Cyst and mucocele of nose and nasal sinus	25	8	2	7347	Mrs. Rolando Romaguera	1859
1112	Tirosint	141	4	Paralytic calcification and ossification of muscle, unspecified thigh	5	8	1	9608	Louise Weber	1923
1113	Primacor	405	58	Mooren's corneal ulcer, unspecified eye	23	8	1	2388	Marsha Reichert	1992
1114	Cipro XR	765	33	Diabetes mellitus due to underlying condition with unspecified diabetic retinopathy without macular edema	10	8	3	5257	Jacquelyn Ebert	1984
1115	Levonorgestrel Implants	704	47	Anterior subluxation and dislocation of proximal end of tibia	9	8	3	6437	Jamie Rosenbaum	2006
1116	Marinol	1798	79	Rheumatoid lung disease with rheumatoid arthritis of unspecified site	22	8	5	7099	Carroll Waters	1966
1117	Estradiol Acetate	847	82	Intervertebral disc disorders with myelopathy, thoracolumbar region	6	8	0	6266	Jamie Kuhn	2006
1118	Lodine	191	85	Secondary lacrimal gland atrophy	12	8	2	9668	Darlene Casper	1937
1119	Levonorgestrel and Ethinyl Estradiol	473	59	Malignant neoplasm of left orbit	25	8	1	765	Mable Kuvalis	1989
1120	Levonorgestrel Implants	1425	94	Other osteonecrosis of radius, ulna and carpus	12	8	0	5291	Robert Rohan	1971
1121	Pregnyl	1962	78	Nicotine dependence, cigarettes, with withdrawal	25	8	4	5496	Ms. Rufus Jakubowski	1858
1122	Antivert	1701	54	Scrotal transposition	9	8	4	726	Francis Thiel	1865
1123	Oxycodone Hydrochloride	1368	44	Disorders of left acoustic nerve	14	8	2	4238	Chris Cummerata	1911
1124	Trastuzumab	168	27	Injury of quadriceps muscle, fascia and tendon	14	8	4	3666	Clifton Cummerata	2003
1125	Morrhuate Sodium	1160	50	Laceration of flexor muscle, fascia and tendon of right index finger at forearm level	16	8	3	7939	Sam O'Kon	1926
1126	Pneumovax	1173	33	Cyst and mucocele of nose and nasal sinus	22	8	4	6954	Mrs. Ken Klocko	1928
1127	Vasocidin	1623	29	Basal cell carcinoma of skin of other parts of face	15	8	5	206	Guillermo VonRueden II	1883
1128	Pneumovax	836	93	Pedal cycle passenger injured in collision with fixed or stationary object in traffic accident	11	8	2	7679	Homer Lesch	1980
1129	Ditropan	1935	76	Vascular dementia with behavioral disturbance	24	8	3	9773	Ralph Prosacco	1913
1130	HibTITER	126	68	Other spondylosis	19	8	1	3774	Rudolph Gleichner	1855
1131	Tiazac	1739	86	Disturbances in tooth formation	6	8	5	8878	Frances Rohan	1985
1132	Exelderm	1683	78	Presence of unspecified artificial hip joint	6	8	3	9969	Jody Kreiger	1920
1133	Paliperidone	1541	88	School (private) (public) (state) as the place of occurrence of the external cause	10	8	5	4661	Jeremiah Collins	1907
1134	Daypro	1024	46	Other pneumothorax and air leak	11	8	4	8698	Abel Abshire	1904
1135	Antivenin	1385	31	Laceration of radial artery at wrist and hand level of left arm	24	8	2	8970	Dr. Holly Hamill	1874
1136	Topicort	1771	67	Other disorders of continuity of bone, unspecified hand	24	8	4	4340	Dr. Lester McKenzie	1973
1137	Nelfinavir Mesylate	1339	50	Adherent leukoma, left eye	17	8	0	6638	Bob Hyatt	1983
1138	Adagen	1692	52	Influenza due to other identified influenza virus with otitis media	8	8	1	828	Wilma Buckridge DVM	1906
1139	Cubicin	143	17	Nondisplaced fracture of anterior process of left calcaneus	23	8	3	3116	Ellis Maggio	1997
1140	Sacrosidase	230	46	Striatonigral degeneration	14	8	1	6726	Hilda Donnelly	1943
1141	Levalbuterol	129	67	Atherosclerosis of other type of bypass graft(s) of the extremities with intermittent claudication, left leg	12	8	2	6520	Nettie Crist	1860
1142	Toviaz	1827	41	Contact with powered kitchen appliance	17	8	1	5891	Gertrude Rempel	1997
1143	Nortriptyline Hydrochloride	1311	4	Salter-Harris Type I physeal fracture of upper end of right fibula	25	8	5	754	Lawrence Fay	2016
1144	Prevpac	963	55	Other disorders of continuity of bone, right radius	14	8	2	4636	Oscar Cremin	1957
1145	Multaq	1717	16	Other contact with crocodile	10	8	2	3464	Hazel Bergnaum	1876
1146	NitroMist	1520	29	Laceration of other muscles, fascia and tendons at shoulder and upper arm level, left arm	6	8	4	5723	Annette Schuster	1903
\.

COPY public.session (sid, sess, expire) FROM stdin;
h6MPYCFdMjGfpdbvwiUIsKyjdgux-vAS	{"cookie":{"originalMaxAge":null,"expires":null,"httpOnly":true,"path":"/"},"passport":{"user":"test"}}	2021-03-23 16:51:43
Q8KjliMbjC3Nn7liaBeCwnPcuaKu3J1k	{"cookie":{"originalMaxAge":null,"expires":null,"httpOnly":true,"path":"/"},"passport":{"user":"test"}}	2021-03-23 16:54:06
c_K2yw3cQu7ashPmz7KiFIX90X2hKgxP	{"cookie":{"originalMaxAge":null,"expires":null,"httpOnly":true,"path":"/"},"passport":{"user":"test"}}	2021-03-23 16:54:57
\.

SELECT pg_catalog.setval('public.categories_id_seq', 1, true);

SELECT pg_catalog.setval('public.companies_id_seq', 1, false);

SELECT pg_catalog.setval('public.customers_id_seq', 49, true);

SELECT pg_catalog.setval('public.orders_id_seq', 6, true);

SELECT pg_catalog.setval('public.products_id_seq', 1147, true);

ALTER TABLE ONLY public.categories
    ADD CONSTRAINT categories_pkey PRIMARY KEY (category_id);

ALTER TABLE ONLY public.companies
    ADD CONSTRAINT companies_pkey PRIMARY KEY (company_id);

ALTER TABLE ONLY public.country
    ADD CONSTRAINT country_pkey PRIMARY KEY (id);

ALTER TABLE ONLY public.customers
    ADD CONSTRAINT customers_pkey PRIMARY KEY (customer_id);

ALTER TABLE ONLY public.orders
    ADD CONSTRAINT orders_pkey PRIMARY KEY (order_id);

ALTER TABLE ONLY public.orders_products
    ADD CONSTRAINT orders_products_pkey PRIMARY KEY (order_id, product_id);

ALTER TABLE ONLY public.products
    ADD CONSTRAINT products_pkey PRIMARY KEY (product_id);

ALTER TABLE ONLY public.session
    ADD CONSTRAINT session_pkey PRIMARY KEY (sid);

CREATE INDEX "IDX_session_expire" ON public.session USING btree (expire);

ALTER TABLE ONLY public.products
    ADD CONSTRAINT company_id FOREIGN KEY (company_id) REFERENCES public.companies(company_id);

ALTER TABLE ONLY public.orders
    ADD CONSTRAINT customer_id FOREIGN KEY (customer_id) REFERENCES public.customers(customer_id);

ALTER TABLE ONLY public.orders_products
    ADD CONSTRAINT fk_orders_constraint FOREIGN KEY (order_id) REFERENCES public.orders(order_id);

ALTER TABLE ONLY public.products
    ADD CONSTRAINT fk_product_category FOREIGN KEY (category) REFERENCES public.categories(category_id);

ALTER TABLE ONLY public.orders_products
    ADD CONSTRAINT fk_products FOREIGN KEY (product_id) REFERENCES public.products(product_id);
